National ID,Full Name,DOB,Encrypted Passport Number,Issue Date,Expiry Date,Country
5.00569E+11,Amanda Gay,16-05-1987,gAAAAABn5CE3YE4O8c2eTW4zUneqo-fFpv_RE4aMkompUVgmN_9q5sBf82qcI1XYoPDAXd2tjxsFbR9hk7n3tilmcySPh3mvDg==,16-08-2020,14-08-2030,Cambodia
1.98465E+11,Susan Martinez,10-10-2004,gAAAAABn5CE3XqoYMD3pDk0L4vAImq9i35leUt_z4HyhBFd0CDRS2kdxJdJdABfjvUKMJ3tybpFH-CdyvZ5ciwWG615VGh-hSw==,21-04-2018,18-04-2028,Syrian Arab Republic
2.00497E+11,Sarah Lewis,17-01-2001,gAAAAABn5CE3cSuvIpfESSu7mYMKZk6XkUtoFZqo4BAlIQo7sRvb9ndMh6XJUEjVk7_gl_pptSyjkLDEUQIbrLaK0iMHT5h5tg==,08-12-2022,05-12-2032,Cocos (Keeling) Islands
9.92719E+11,Joshua Thomas,24-12-2001,gAAAAABn5CE3AtNIiSnQ6QFCASjjPHlmDUmYHS-8iO2GwGj7e__OT8yL-KsDTbCqtZ3FWpMW_eN5HVK4FczzO6h2jZLXpOpviw==,17-02-2016,14-02-2026,South Georgia and the South Sandwich Islands
7.20668E+11,Pamela Martin,25-07-2002,gAAAAABn5CE3y39YDA9s2Mga6OR4joCODqcwCs8-uioWWTQFfgqy9HGA0fIkD7kRjM8jNRMYRuwfy9RC9cTeeTd_uOXaKcESTg==,04-06-2019,01-06-2029,Costa Rica
7.31228E+11,Terry Park,20-09-1993,gAAAAABn5CE36p55TnNUPW-L92neXvbW7kk8OfDHCfP6t-7Tv6Ig1G-iAWuUtEp3c0-uPRbT3_-KHWOpeI1kI5kFz6i_BcT3MQ==,30-08-2015,27-08-2025,Finland
6.86407E+11,Maria Patel,29-04-1971,gAAAAABn5CE3qzPXrgv8fGoGWn89XMhTDkuklJIqOp5EuDKXyAumVCutdKUj4jEx9U25KKrFhlYWN12PWOv202Z9VubCquAHtw==,17-04-2016,15-04-2026,Uzbekistan
2.27679E+11,Patricia Sloan,14-10-1992,gAAAAABn5CE3DmKnofkSod4KIHoRE8d_sRsinTui0WYLs_kOu0fn6baykbg0LWwSFTVMa65X99gypLc-ueIMkX3MuIPDZ1aF1Q==,07-07-2015,04-07-2025,Falkland Islands (Malvinas)
9.7663E+11,Jessica Warren,18-05-1962,gAAAAABn5CE3Tb0ywLj8CAkMxoNm_uMCTvOb6_wwZtKJxwgGHRrKvOuabhHnEHaLk047ecISXogm4nD-adGRP-FyZYYCHufCvg==,11-03-2020,09-03-2030,Cambodia
3.0572E+11,Joseph Arroyo,25-04-1984,gAAAAABn5CE3lMUL-aVl2kNLTfDkzRevYaXTkh5VnQijNK1ZwFR_uklgAf_41jv8xMDtOmLQu-PHiu3J3BVf8oBHhQzhQHShuw==,08-08-2019,05-08-2029,Saint Martin
7.55825E+11,Jennifer Hughes,10-03-1980,gAAAAABn5CE315ofguUmvRpARTYRsGGqikHQNvCZtVGteqnaxOvHwChJcpHfLkHCRk4_FxCw0zuyPZzTcy41qkZdW9bfmmfKbg==,29-08-2016,27-08-2026,Guatemala
7.97209E+11,Carla Moore,08-09-2000,gAAAAABn5CE337vNw43SxQ1_PAnjTc-XPYkBYx7P8O-x51fYTDn3SEzPQmcSGBGElbzmMOaO7k1EiHkn6uq6l96YNdwQcxqtXw==,14-07-2016,12-07-2026,Holy See (Vatican City State)
5.69921E+11,Annette Richards,05-01-1999,gAAAAABn5CE3EGXWRH_ePqZcFB9QNn3RC2mgBOSj3j1nl21KBXCLfItBRjkGiRQ39vKm77yCaXUORnIW_HCfvgIzgEQOVRPJ_Q==,14-03-2016,12-03-2026,Vietnam
8.89627E+11,Dennis Allen,09-05-1982,gAAAAABn5CE3Sw7Hxo2gjmJzEV6BzWwh4ySk6SvC2Txx_47orUQubTyPqKMpuxzH1soDEHMJvZAKSayBn5RJ9ujbA-H2y6z9cQ==,25-08-2021,23-08-2031,Aruba
7.51345E+11,Tammy Francis,04-04-1944,gAAAAABn5CE3eBEfKQ81XH_dnH3qOWpkR5u6c7kgtMUrfmPmXiUY1vcxQrSXNMVB7QZZFoDLMXdbg9otWaM07k__OeSiCb96dw==,29-05-2021,27-05-2031,Senegal
7.23993E+11,Crystal Lewis,01-01-1965,gAAAAABn5CE3i50InMSAawHZ-QWlEY2ZPpSMZr3NtfBd5LQbipspEGBO64_aEdkCwVxA-koJ8Dj2cuvFkxKsT9GePbOGHApVoQ==,27-08-2019,24-08-2029,Malaysia
4.35278E+11,Nicole Lopez,11-02-1949,gAAAAABn5CE3CFbO0RkGQs0uRMdXgX70eo0LLHFb-uLaCvOgIsl5gL1-Sx4CE57Kc0tHXARMgNt2v4OPJTSczPCkudE5RHnYpQ==,17-04-2018,14-04-2028,Guatemala
1.30111E+11,Charles Hess,19-10-1975,gAAAAABn5CE3UI6rQchkGKv1xkvgNcMuFJK_l5JQVCaQgVhH0VbQH8NNTGWCykrSDeePiT9svBK9Gt9uDWUBLklSmGxQdjDeJw==,13-02-2018,11-02-2028,Dominican Republic
5.86753E+11,Brianna Beasley,23-07-1957,gAAAAABn5CE3qesXVVnoxuR-_XOVuYPZ2y5E71wWjXy7skjuw0v2bN-JdPaKLnDoHdF0vXduIayl1trZNWv-nZiNxfs_INUKqw==,03-07-2020,01-07-2030,Mexico
4.14527E+11,Terry Mendoza,17-09-1998,gAAAAABn5CE3D_snDTsN0fcS94sUSpz5i46MqRknCXhu2FUKFDymnOPGR6HYHoYk_3qS4Q-tS7RJu6_y9OgQ7wp6H2l1auA1uQ==,19-02-2023,16-02-2033,Benin
1.86576E+11,Andrew Lopez,10-08-1959,gAAAAABn5CE3qKsa91uoPUEKYwQJw_v-fSXmAklMN2QIVy-lO3Gy5zRqKK_ermwVSxEyrGJIIWMyYMDVXcHN4S61EBMf3DTGZg==,08-05-2017,06-05-2027,Netherlands
7.64392E+11,Cody Martinez,30-01-1956,gAAAAABn5CE3rA-LJUCJM8LdwrIomH1V2Hs5d0fU37sh4PxKNjdkf5TylVft2revbUw1qffKyCKc3pL8TcdbkhsKef6tX0uqpA==,23-06-2021,21-06-2031,Brunei Darussalam
2.75879E+11,Denise Miles,22-11-1980,gAAAAABn5CE3bAE-FuDVVeX16Bbx2TVBeaVYxsW8qBkNFs6LIi3IeiivT7wUmW7-K0EP4XhWo2UVcL66ZKXxN30in63gkFoPkw==,21-11-2016,19-11-2026,Malawi
8.77393E+11,Lisa Black,27-12-1949,gAAAAABn5CE3weLhwIbW7DiDw8EB4GE9eCARaHCkhyJdmAAzu7-LaoCJ4q3W-18YvaAfkWyFSOAuPLufujoTbCDcskC9NH0h3Q==,17-11-2020,15-11-2030,Brazil
1.97726E+11,Lisa Wilson,30-01-2006,gAAAAABn5CE3ssjQJGx2UwANKfzhY4FlNMnLS2O7xU41uFVuqJm16SM3e2OeI05UMpNDFF5Q-Ooh4C61hRpz0gt-QZaXOl1psA==,05-05-2019,02-05-2029,Bahrain
4.06059E+11,Jasmine Greer MD,27-06-1963,gAAAAABn5CE3Q3ryCpgtpUhK6gj6rdhObXY5I5w8SnBZDVUC6Y0exz3-lZRGsIb9nI7J8ds2MXHzbO5p468xjwBnGVW-ycBcTg==,09-06-2017,07-06-2027,Greece
8.38328E+11,Julie Whitaker,20-11-1985,gAAAAABn5CE36Pfp1Vn4HoSOAtsMmy9DCJc4M5nAPQge1mPgBqdgRjs1Oy2M7uZT37r_NBIx1NmIWY9FJnvfNF4aaHx4EmX9ew==,03-05-2016,01-05-2026,British Indian Ocean Territory (Chagos Archipelago)
2.17125E+11,Lauren Walsh DVM,17-08-1971,gAAAAABn5CE38iJErK_vBZhdDx2XL6La65AhnExarEz74ihr3Ug3xkpk4hoWJpzSmOhELVrqv2Rsz3kfCtM1YI94GrPBAapTAw==,16-10-2020,14-10-2030,Tunisia
8.41583E+11,Christopher Copeland,26-12-1949,gAAAAABn5CE3nWDlic6n_wDalADM-6V8QinJ8kAPuikpmZ6YhmIJmmKhUMj3wqzL-dszvfbThAxKkq01admAy6c24Jl3IY_4wQ==,22-02-2023,19-02-2033,Belize
2.52103E+11,Robyn Davis DVM,19-06-1959,gAAAAABn5CE3ls9OIH4uuHdC1SKhxVGkwS0rCx4LcUD9oPfRJWlioeNXqEe8fy2TFoJibcKcKZEhe25wVkI1VLPaUHA9-MOY4g==,17-02-2019,14-02-2029,Ethiopia
3.94466E+11,Tyler Spencer,05-09-2004,gAAAAABn5CE3sZO6vq0NpHwOS6y1_oIvi6w_VwAiXlgyh8u0rV9OdTBG11v7u9pnOr2baDLL1JtdY5gRW2RENxzym4fGcr-yGA==,25-02-2024,22-02-2034,Western Sahara
8.28126E+11,Troy Duncan,02-10-1957,gAAAAABn5CE33r4Tf0VbJ1lTfky1OAMW2HTIFBhbGz2JQZsdOqC8GleAWfUc3ANuuv1dgfBXYUm8fIY68UPJsjNWuNpP2RMEsg==,05-09-2015,02-09-2025,Singapore
7.27569E+11,Thomas Johnson,07-10-1992,gAAAAABn5CE3wH_lstQFtyzuB3pXGrwdY04f_p9tFaPsOxYbGduEEBFbNtyAtjFnBAEVrykIhEYshbAH1Ij0MR3VKSd360o94w==,14-12-2023,11-12-2033,Botswana
9.86047E+11,Jason Davis,03-08-1948,gAAAAABn5CE3QHTxRHbWdSBSRlZQhksQH8iTVZH0ycjaLK-vycH54qjAFjkuvdro9MqKZRbA4tUUg9ysyP4B-1Lwp98HO1zZ4A==,07-05-2016,05-05-2026,Tanzania
3.54593E+11,Aaron Torres,26-02-1984,gAAAAABn5CE30ZlPB3coIwTurRpwGxhnQkHlfU6BjBQli857zbYiC2ymsSPjKHoAu-XEevuqeLY-NOvkZpMEqqCaKVzHPA8Bsw==,02-09-2022,30-08-2032,Turks and Caicos Islands
1.71339E+11,Timothy Fowler,24-11-1964,gAAAAABn5CE3Wk4w6sNVa6ONoRbKS80EdgCHm3RZ1oHnSTUuMOSSDOdp6ovdaBK9owu_azJXU84Ov3NE1m7J1AeisV6B62UzLg==,14-02-2016,11-02-2026,Italy
7.11121E+11,Mark Davis,12-07-1986,gAAAAABn5CE3bVKoyvJ9mCboDj8nUOGRIu_Yg0I8PHeIPVSBhDs0TebZlqHamOwmaFzbNi7RqAq9qFE4JP7dYy-mS0R2N1bE6g==,18-12-2020,16-12-2030,Turkmenistan
5.44296E+11,John Oliver,10-02-2006,gAAAAABn5CE3XnW4Hj8RFL-EWiRkE9Glu1O3CrCMQJTxlOtNmJugYPoD7vFqOTocymdRB1NtIM1Hz91Ih3Zyuchv9po1xoN1qA==,27-08-2018,24-08-2028,Indonesia
2.036E+11,Susan Young,07-03-1988,gAAAAABn5CE3a2BdeyUQ0upeLx9Jf3UCvza1u_fXokGhO5PiUcGmer7Fw2QkG5Al8ek_PUckqQlSxp0npXjW_rRIWiXmGUkECw==,21-09-2015,18-09-2025,Egypt
7.61513E+11,Aaron Johnson,28-05-1981,gAAAAABn5CE3rNDwf2qVKDgowEl46wGfUHP_dRr_ukvIwmDIzVnKfHYNsNArNxd9ueE7bul0_3jTVjTao9AE1tk_st1pZBigZQ==,05-10-2021,03-10-2031,Armenia
7.45337E+11,Timothy Carroll,02-07-1971,gAAAAABn5CE3rAQZOpWVbTlaX-JoTlS_UsMSQhVviSkKGup49Rmq4X4usHq3h2rlKqW7kWUEDMM0MCRDHaKRvpXLHZ60sfeKXQ==,29-01-2016,26-01-2026,United States Minor Outlying Islands
3.71501E+11,Michelle Smith,21-01-1961,gAAAAABn5CE3U25X-hzi1njRvudXCTHZKusgIzLGO_kZ1aaUSL8px11_xurG_TQPfb-VErYtS5jYZHLqiQ9wv6J_ckEVHioYtw==,06-10-2018,03-10-2028,Sao Tome and Principe
6.28654E+11,Timothy Brennan,19-09-2000,gAAAAABn5CE3WllYz7e8kRqoZ1-8X-mb5gzx_fA3zpsem7x4cKEnTS0ncjPDMtugRCGIOR9NlP3E3-Q-zQJQAFRWIzgxq35KEQ==,01-04-2017,30-03-2027,Northern Mariana Islands
5.30961E+11,Stephen Burke,15-04-1960,gAAAAABn5CE3vg6BqT18oMteTUVraronyoDctTdKPC8WGBN7E7YX4X6tZBmtsOIeOYjzTzPQkmyEd31_YW9LuWkwP9xqRaxjeQ==,06-11-2020,04-11-2030,Micronesia
8.14507E+11,Jessica Perez,23-06-1963,gAAAAABn5CE3ucX9HvpW_Ir7pRRxA2QCxVrmZ83DIHT9Wuy13Zr_NmA16ON1vSTYjWsWrwjdBGL5NddL2zAPWYeQbXi0HHahxQ==,05-10-2023,02-10-2033,Niue
9.38436E+11,Curtis Allison,22-03-1968,gAAAAABn5CE3u5nXXi6c19AaKZuHCTWIMENojv_tk127UB3PDPrhINDFBAmtZ5EA6A8PKdN96ysj4yr2blBiGQSTZR3rE5uFBg==,30-09-2021,28-09-2031,Chad
6.25039E+11,Jeffrey Garcia,27-10-1975,gAAAAABn5CE3nf7qJMAJaKy6uSdj758h6Sdz6iI2wauzPqHCZH72wChO8VOCW7E0x5Y8C75aTRnqEaIymY1f4KZsE6zumpTMug==,16-03-2022,13-03-2032,Venezuela
3.69042E+11,Sherry Brown,16-02-1990,gAAAAABn5CE3XBgAeBvMjCqr2Kafq6YKSgnpf4FJ6YMz83apJeAVNHeAEQHV069xZVcdQcnBsK_4g0fhl4QqFwqtMwnv_QA1qw==,23-10-2016,21-10-2026,United States Minor Outlying Islands
5.00586E+11,Cody Hill,09-01-2006,gAAAAABn5CE355FF83EpK90qze0_smjgSVqEfIIecUKwQJWJv4VwcdP4zk5aDhYaCbn0eWZ9siBNHRQIJCWVRTy-pGXdHDsPig==,28-04-2021,26-04-2031,Nicaragua
6.01463E+11,Todd Burgess,18-05-1989,gAAAAABn5CE3NmI-2j0GoeFfBTOB12jJc15b12xhYckyLy9I732leTlDa70zNhTtakkXS95xK83-kHog5-vVi6JdwCrZTPkzRA==,21-10-2019,18-10-2029,Guatemala
4.73861E+11,Joseph Skinner,08-01-1971,gAAAAABn5CE3G6bClSs5Z02NlyCD95lViqlvXaV48wBx9x8VnP8gcITXKkdxlwCMcmDpxDKYcjzVzZ-xNsinX8Dbs-fKoPIr-w==,05-03-2019,02-03-2029,Tunisia
5.55774E+11,Katrina Morgan,09-04-1972,gAAAAABn5CE35T3r0Nq9HbLK5LQIiSlD276YKkjNOWkqcSU4IiARluKckrN33OlLVphc6asVIkPqD2IXmRWY5w2BXUQZnxbycA==,17-06-2019,14-06-2029,Belize
3.70155E+11,Lydia Wilkins,23-01-1967,gAAAAABn5CE3VNGHBdGgYY3MTJon8zcbH1BjnF_-Jf1r1qRUOPMicBZc_BuTNK24CfvCFYrFUUeXKCMcS_9xmzbFyX3EWxBhNQ==,19-08-2023,16-08-2033,Bosnia and Herzegovina
8.55264E+11,Russell Morris,04-01-1958,gAAAAABn5CE366V5ZXbIHEbNi2pAc47fyXD_MDe7o3x5mZU9kZz3t9zfIxE_JKmR-_WxM9yuJb7DW5bZqqbUMf3LeCFiWH9mnA==,08-06-2015,05-06-2025,Antarctica (the territory South of 60 deg S)
5.94811E+11,Craig Wilson,04-02-1981,gAAAAABn5CE36z_IsRwPhw11pZE2z3YNhIJ3radx21EZ9xZfWUdJZs0Z62L3hQZTugz5lx-51SDRfb9lgUM8dE2mNwumNWEz0Q==,11-12-2018,08-12-2028,Central African Republic
1.65749E+11,Christopher Tate,28-11-1987,gAAAAABn5CE3-8UQ-9bxrDcTUZtu89JvpE1sRSjfHhBW3LKhErWcauaZ8-nw02zkVUdp9PgGLlxtOBCsw2CMPvF_ndMRo-l8Wg==,06-01-2017,04-01-2027,Bolivia
4.73249E+11,Kenneth Murphy,13-03-1982,gAAAAABn5CE3jEvjC4rXxIKLRkCuazqjqmKW1KwcFtL7psPYGdljGkUPVrqjQJNahOdqlkCotR8gnAoh6z_rzIkT_q85rnrf0Q==,26-03-2016,24-03-2026,Saint Martin
6.08365E+11,Richard Hall,27-06-1975,gAAAAABn5CE3dDoRZRXvetSA8nE1j4JmYWZhgd18y-JvMHlvLFyRCexrRzgCqAhf_EpDO8YrK8-b9BhDnDhMQtC0s7gS8afiYQ==,29-08-2020,27-08-2030,Gabon
9.18342E+11,Kathleen Gilbert,04-01-1956,gAAAAABn5CE3WmLXyBok-BsaayiklQz3LbIgwEN-U9sxGOnoh98Cw-S_P0OvcPoEQ6oAzYiIwDDeJwi2kGnM6zj02rd9ZiGM7g==,16-03-2021,14-03-2031,Thailand
9.08709E+11,Jennifer Davis,17-07-1971,gAAAAABn5CE3HJeLnJqz0Fspu2r4hU4t_ui-8_oh69IAZbRpFJ9IKJRrzr-bZHeXPaUqu-zEkpcf9x5gXUnnwls7oi2-Bi318Q==,04-04-2015,01-04-2025,Micronesia
1.18676E+11,Ashley Bautista,17-03-1949,gAAAAABn5CE3gFKf-MJZeUV1jS5TyzJlfpUt45OoHDsWh1wqJptW5MyxV5IdicpvU1Q9nL18NeFMasxiQ2Hisn6mXKhYmiS7Nw==,28-10-2018,25-10-2028,Antarctica (the territory South of 60 deg S)
1.29746E+11,Shawn Wong,03-11-2004,gAAAAABn5CE3-9k9Cyg6wzU5U-MwI7y9FED1xGC3r3Jg7zbPUgeN-DTl3SxajLNHYYJdLlzRc7KcdTYD8LAK0zADG5MYaseesw==,06-02-2016,03-02-2026,Mauritania
1.54971E+11,Debra Kelly,28-12-1990,gAAAAABn5CE3aLgy9B4fUgaKqjtaa8hqPbvqBJF6yt_YrfVixvLdDWWjx6t1wsHDgiPWtq9vcaaN_oIghnWCucuWK4cXnJDVaQ==,23-04-2020,21-04-2030,Finland
6.3187E+11,Michael Ellis,18-08-1968,gAAAAABn5CE3oQIQGW-NPA4c8VWoItEj9RhMqZ1pl2mt2mDVQGSFSAuINjAtrzqWveUsiOIktZPh_SCGinCXleTmSrk5Sb_Yog==,15-05-2016,13-05-2026,Samoa
5.19528E+11,Michael Cruz,27-06-1989,gAAAAABn5CE3FtpEX8tg1XoeRRqTUbBz8yhqWarr4j7qNna1PBOSwzVsgvg06CZL0Mzmimsu1zLRsCWcZUK7zvQJoo-5p0bQyA==,25-12-2015,22-12-2025,French Guiana
3.17039E+11,Elizabeth Huynh,08-10-2002,gAAAAABn5CE3hz5AKfJLMadMvdn3ykWoKfxE02SdmNK9zufcwNQw-tpmQqBt_3L1iUH7Z9LKe8qlF_5qe1TS2jz4m2lTzNvrAA==,29-01-2018,27-01-2028,Italy
2.35274E+11,Christine Hood,13-01-1996,gAAAAABn5CE3MgCz1-LCM_tSDbuypBmGf903xX9ycu8viS3wgFMEG3snzZFstd7Bo1uqCmwy6MLAgG1_qDxvY3B5X3EG4yv9gQ==,24-05-2023,21-05-2033,Marshall Islands
2.90173E+11,Monica Carter,28-07-1976,gAAAAABn5CE3YQvk5f9fPlUdbcok4ZiBByY6VoyuB9jOFNbYzXO3WCOCCrt65qLa5PhguOZNTuj9hKZRYQLOI8Nom2DSWsDwQA==,11-05-2020,09-05-2030,Saint Vincent and the Grenadines
2.90163E+11,Danielle Wood,24-03-1999,gAAAAABn5CE3rqd7rfDFfwqEsA-iV7ilc1ocPPMrxvcKW-IdcXgpW4WwDym-TMbtZTyaUPrgqVSSeARQl_JJoQr1MiVL4z1jgg==,04-07-2021,02-07-2031,Lao People's Democratic Republic
1.46751E+11,William Mccoy,04-06-1991,gAAAAABn5CE3FmsiB5QlJiYUX-O3bemeSn0WujY0g3oXs4XVkYQfIPZVmv5L17ne7RMUMCvNwoU01pEzDojfVGq2YMNyUM8B-A==,04-09-2018,01-09-2028,San Marino
5.17393E+11,Alison Perkins,21-10-1962,gAAAAABn5CE3wHmi66hp-VeCU27E53Khj-LawgYOg0Y4YoKBko9NnV5rpULA3UMeapze2k2_kXg765WT1bCfsJISWJBLJCpV5A==,20-06-2018,17-06-2028,Uganda
7.72179E+11,Jessica Jones,31-12-1977,gAAAAABn5CE3WPhUwkL3i_5IHdKzxZzIDGN-0CtE-prrJVWiLOIgBrhWYQCWWUaRsJ_PCCxO8qup9kmAhwyi3BOCGD6F_nlfOg==,14-10-2017,12-10-2027,Grenada
4.14191E+11,Tina Smith,28-02-1983,gAAAAABn5CE3RVADyhlcKpdgi-xfW3ZDaIiJyjjf1XAGdqvpGH8DIfTE3g3g-jEuxwBIRLu7lDPeVU9CNLzbB3y-v2jj8kzmVg==,25-10-2018,22-10-2028,Netherlands
7.3314E+11,Evan Foster,27-11-1973,gAAAAABn5CE3vlsJXwJqgQOxwTIQWI9RL_3v9EiU2K0oN2KEcB4Fh3ufPsGfi31-Tls3mxR-wbkFa8gxyAGnuAbdnEKkRaxdtQ==,03-01-2023,31-12-2032,Bahrain
7.02165E+11,Dave Martinez,30-05-1946,gAAAAABn5CE3idoLf2NWM4a2SfI28DffN9OxZo63cAYwtbJGsnDhGvNgz8IEwPzyEQKArc2QpiahUMs22_aKzVf97jrl4HrfMQ==,14-03-2018,11-03-2028,Australia
3.49084E+11,Randy Lopez,03-11-1949,gAAAAABn5CE354yj376QvfElPVIrSkOwxDl-vlOm9ws8R7n0nLuH2drPnr330SJCtJYa8C-STHBGlXonc8qO9QXe6KPX62yf-w==,29-11-2021,27-11-2031,Slovakia (Slovak Republic)
6.43003E+11,Katie Griffin,20-06-1981,gAAAAABn5CE3t1Dy3EySCfdnBpcnWXl-EDmKoRnBStPY7jdEwiangE2jj3xTa9-6IA6DpEyHRS2Ma5Dj7x1KhmbCldLipPc4kg==,25-03-2017,23-03-2027,Belarus
2.08864E+11,Phyllis Hall,08-04-1957,gAAAAABn5CE3nmhcPY1hit9eAcQ4BF-4v6iOBiIJx4FKEWwPp9LL0RMAbsYElYv_pW8DunpHNkTQvrGYMzY-u_QQ51zzsDfQ9w==,18-09-2023,15-09-2033,French Southern Territories
8.76165E+11,Sean Love,27-10-1958,gAAAAABn5CE3b7D18sDTato0xnC1sRHHCmFWH9IqJRCpwZhGGtPy0BtxL5CJ9nh_08xdo6j6aaw_BS3Gzvga3uCxd3tqNCX3zQ==,01-04-2016,30-03-2026,Botswana
7.90076E+11,Danielle Roberts,11-03-1952,gAAAAABn5CE3HA8tvHKa8QKxmJ7l3aTesi9c-_hSMjqht3n7aWC_1rRRiFFQShepMzjGqPamceHkpnPhQAGelGEU7GmFgRcjwQ==,12-10-2015,09-10-2025,Cyprus
9.0848E+11,Dustin Kelly,04-02-2004,gAAAAABn5CE3EKBMWelKZjvhY3NSNrAKHUNgbtKYNSnyY651fJM6jFg9pG0aDAR6UeENST7mJDoK2ejaufllfOW789MUT5KkNA==,08-12-2020,06-12-2030,Pakistan
1.26792E+11,Debra Rivera,24-10-1988,gAAAAABn5CE3OU0KbYnnGGeR9-238DTFClXd2b1setnDPDidQVdbfPGZjIULFgeCySzN0qdz6h2AVzWA-hFK0MHzG9Ev5MPQ9A==,28-11-2022,25-11-2032,Turkey
3.52573E+11,Allison Washington,04-05-1947,gAAAAABn5CE30feCPeFlUyoTrL1S9UHOiN-9VznyBUJwHYiUoiSalw8g940Zqr-F72DEQXDo3a3oUg8EOyEUHx9CfnXur-ph3Q==,10-09-2016,08-09-2026,Cocos (Keeling) Islands
8.65605E+11,Beth Valentine,21-07-1974,gAAAAABn5CE3xMVZlYi5Bew0fNqHeb9ct8YzoytDNEoPrycrY6Nwztb-x-R3DY-pcmilteFqoDZ1fK9T9HACycxqu7H5RPVuiA==,26-11-2023,23-11-2033,Cook Islands
5.05589E+11,Eric Cooper MD,28-07-1964,gAAAAABn5CE3HW8cDUAoHRxJg9gJdzzOblUF0h94hNoMjKpnXYSI03z6kaa9u8G2BwgcoUpdCMFW9dMHSJyKnKPsVGRl7eFDmg==,16-02-2021,14-02-2031,French Guiana
6.52565E+11,David Molina,09-05-1944,gAAAAABn5CE3WVoFpa2DKOLGX5IMeEzxLBnF_8hU04y0G9jwtPMqW2klUNp01TXXqPNTw7lyMTnZ2zC4OEq5xHUnt4Q4TLMrmw==,26-10-2019,23-10-2029,Poland
4.06191E+11,Sara Contreras,28-04-1955,gAAAAABn5CE3TX0VpVeJeHye60bIQOvYsfGjVOTWBe0vIdfH4unqeR7SrHOY8S8ZZMLDa2CvLfWqEFNRCrQhrDFdeT0Qy6KJ3Q==,25-05-2017,23-05-2027,French Polynesia
3.7315E+11,Jessica Marshall,23-06-1963,gAAAAABn5CE3RfLHE3uysfYRvwz1-THeIfdTOG3Pm394iO2bQcOCPAVJI-kP63UdfCsF-fY2q07O5A85RJdm7B0IekOEBnSy7A==,22-11-2018,19-11-2028,Guyana
1.57136E+11,Samantha Campbell,28-09-1952,gAAAAABn5CE3Z_j5KMarE515-OvGj3VOm4s8tVLymTrw9kUa-voi-BgnHV_03Epz9A3BKgI1JqQcX71EzgNuvbxdNFO9Ltt56Q==,25-08-2019,22-08-2029,Cocos (Keeling) Islands
6.20799E+11,Holly Bailey,21-11-1982,gAAAAABn5CE3sCBbt0pjcuZtykPl28uOAnq8KUrsYvZTee9eo7DLeDkvqiS5Kzb1iRhQjPY5E-ZG1gZwtaUuBpUGczdzWT1sug==,18-04-2022,15-04-2032,Egypt
8.07825E+11,Ian Hodge,07-02-1969,gAAAAABn5CE3I4VKxP17hD_ud6VBxj7aJJ0MAnF3RwqiCpWl0o5RGYYYwlDIzF-Zz-xqVdQkZlXKAYbi7aQwOQvVXw3jz490Ug==,21-11-2023,18-11-2033,Netherlands
3.08606E+11,John Smith,22-11-1977,gAAAAABn5CE3cmMkibJcIw08ov8OvKqCSLOrRLFyMrblXQYHacUHirNzf4kxW6Ob4q-dktFuxUBsMPaHQbojDkiCOvTES7KKwg==,28-03-2021,26-03-2031,Macedonia
1.97361E+11,Keith Bennett,09-06-1995,gAAAAABn5CE3PkstY_HwapNQMS57iU6olXUvruhWDuhXtNl8vXIRRL8DGS-ECwowuF6Z0gpwh161v4o8006GpPo1JlX9JpeOiQ==,31-03-2023,28-03-2033,Holy See (Vatican City State)
3.70905E+11,Jesse Lozano,30-10-2002,gAAAAABn5CE3RFJ-bJBgn9u80WFWxRs-xWxSwuFsGX2L3pZNiur0Y5eucnvlOlOQdedF0flu2raqkh3-ElO7i-hiLzA5qGpH0A==,13-06-2021,11-06-2031,Palau
8.70869E+11,Caitlin Miller,20-05-1949,gAAAAABn5CE3YrzBPFnzpuKJO88MVFMI903n17T_ULQ_Qya73BROpIlflPlteckN-XMSgpxpTad6MZl0CJBcJTwnVecsN642tA==,05-04-2023,02-04-2033,Saint Barthelemy
1.91346E+11,Jacqueline Choi,05-09-1968,gAAAAABn5CE3tSoqOUQsdC-u02zvE8_BoNuLx-ek_q-lQhif7337ovLbJgoZyK89fW_mnp94iF-XECSiQZA8eLN9eO7Ffoe5SQ==,19-04-2017,17-04-2027,Northern Mariana Islands
7.40194E+11,Kristina Davis,07-11-1949,gAAAAABn5CE3WwVL5308ROR4LNafc87r8D-KVWArpYTGcwt9sUAznds3LazxGcP_ayU46u5lbM4uJ0Psv3CTwwyVX-tUWI_CVQ==,17-04-2022,14-04-2032,Angola
4.74068E+11,Anthony Robinson,04-03-1957,gAAAAABn5CE3Aoijzcpfd0YACRARtbSo37YrXmti7-C1b1a8Q7F_RZ6be8UoPorkt49g5SzVfDM825rgBl5762mbrDa2Qk4NCQ==,29-07-2023,26-07-2033,Bangladesh
8.45601E+11,Nathan Harrison,02-07-1960,gAAAAABn5CE3Z-0k1Tx1WIkM7SVFckCcdla6RPx9E6g0bDSrIFmwdxy1EuzAOz7_XHFAW8oYJpjPEKc07HChOdQgmGqRU0Geyg==,22-05-2021,20-05-2031,Saint Kitts and Nevis
8.40281E+11,Michael Baker,09-08-1977,gAAAAABn5CE3pfa6_-1E1nkYodOloNdU6Rt2zeyfS5NQ2pH7tPvvX0E3TXUsT7xa2QdKcVucLBkGldzSOyawejoiJIKEb_rWEw==,13-06-2018,10-06-2028,Liberia
8.14448E+11,Nicholas Ross,03-10-1999,gAAAAABn5CE3M2maNDaXbnt1vg-obT-uSKPObn4BGQcYqKKkA7AISjWt-sF603ad9z-2aFbFdAhHQjZ9RcdhcNzrH0NgJgOuMQ==,14-12-2022,11-12-2032,Panama
4.93379E+11,Brandi Sweeney MD,10-03-2005,gAAAAABn5CE3ntyjcNvUMkO6D2XwN3BvclUvSPMsWnWa53WkA8QnIW87GmX-7wXkaXIWjTQdUplbTveyFKwmfgr9f3lQQONE1Q==,20-11-2018,17-11-2028,Saint Helena
8.06719E+11,Matthew Lyons,06-10-1976,gAAAAABn5CE3EljY-P-hXjNMsaAh2X0CgWQw1pwQWm_LIEmkfmFQ1TFg32n7hL_ElZSeG0bGeb8kTRdW2QxQqUpxdQWqFjc_fg==,19-02-2019,16-02-2029,Uganda
9.51645E+11,Thomas Smith,04-03-2002,gAAAAABn5CE3h0mnqtlTUnOmfYuthjXpcKPvVBfVg-w3-5BgQFvvtnf6u9FZNO36XnNT0Ntc3W42Cz9saXqXNqH_v-IqdsXouA==,05-09-2020,03-09-2030,Belarus
2.82568E+11,James Thompson,02-09-1976,gAAAAABn5CE3pxnlnsEnp86a_MUR-dgmKYH0waJn77Q5EhovTi4TCK6cyj8TYPKLRMbbB7jRGWT3TZqScmH30lCLZhYWgER3Fw==,28-09-2023,25-09-2033,Argentina
5.48149E+11,Aaron Harrison,04-03-1952,gAAAAABn5CE3mEn_hyIjaUEDVYL1M75YhvPSmtyvGPsnt_WjwahTy-zOIKK9tZ5N7TBIXIXCBEFE56bkvKgB8XMAacI53mwvjA==,20-06-2020,18-06-2030,India
1.21156E+11,Michael Hayes,19-06-1998,gAAAAABn5CE32-UePpToXzE93dmmFyT2UFNkZd0w0ysjnpa69kpWQCvcHEE09QF9dp5r-nGL1VW-OOjJtipm2zWy4vR8BDJ9gg==,25-10-2021,23-10-2031,Liechtenstein
8.8059E+11,Barbara Robinson,22-05-1948,gAAAAABn5CE3-aII_RWila9owutgTGC_XQN0N2SzIkbO30uIngcKpEH5lLjow7k6gdOtJeh8pHtjma3Oi00bPZICcjeWIY_rBA==,15-05-2015,12-05-2025,Nigeria
8.26162E+11,John Klein DVM,08-12-1976,gAAAAABn5CE3_OQIGoL-8EQyZAwyXLnGTkRwoCkgiX6TGT3FhAGHzDV4WDQTdNXT11J6oJTrYwEAxeOvJRgmRlqWrnwLPa6SNw==,20-02-2016,17-02-2026,Seychelles
3.23783E+11,Christopher Keller,07-02-2001,gAAAAABn5CE3FAiKUT9ivEiU1kxR2TXrwk9im0GlqIU4rxEff_F3WPbEYKU6Ts1rhLiaE4kmmAyO-AXoYmvV1NLA-njOlow-qw==,13-02-2022,11-02-2032,Bahamas
3.61137E+11,Don Molina,13-09-1978,gAAAAABn5CE3ddad3mbsmGXjNyA0sIQTRXm7QY2YzKGq4wBiyBlpFahP0te0V9-eWWWLiyI9bzdrMNpOYRVDEzNrnh4I1sLD3w==,24-12-2017,22-12-2027,Tuvalu
3.07091E+11,Jesse Hoffman,17-03-1955,gAAAAABn5CE3dGqFE_ufnXRkOrFkbHJqsZAAvkxgNxsb3Puf_fhYVhXAECqddSEIec6-ZD_Qrp2rxycgrTBOISY56Prdo2yMdg==,12-10-2015,09-10-2025,Denmark
2.71231E+11,Clinton Valencia,26-09-1996,gAAAAABn5CE3sRQi1W1dXDoYjct4aWSDsYTo3z7UxcwxdfwPxeyt9ZeEamdWpz47RXkTYhVmFx9oZUfVEdikdbf2hr6XTw8AxA==,18-01-2024,15-01-2034,Brazil
9.70148E+11,Jaclyn Ferguson,03-03-1966,gAAAAABn5CE3lq-L4utHnGtEgAMjNG6vZ-eJFsEEEhsiZ_fHMRKgjBXxY_KEGpMLLKcqZgs7mXGV14y81WN-61BDmR_6XMDHgw==,27-06-2018,24-06-2028,France
2.35498E+11,Christopher Jimenez,06-07-1964,gAAAAABn5CE3DZftA1W45BQrlN5bniZJqadaaFLmxoxTuKUQa_NkbIYhawSYQvDmBzYD46Vl9vf89nW6fysG8Zq-UkUyk60SBw==,21-11-2017,19-11-2027,Korea
2.87019E+11,Megan Coleman,11-06-1997,gAAAAABn5CE3Py_YB-wWV10o1vQWfnyNrXwapApoRUBeqaSouHh-bXqPTAm8bNvxKElvzUaUZYeZ_DO54dTXty_ehnYopiulaw==,11-11-2015,08-11-2025,Sudan
6.81826E+11,Angela Ramsey,16-11-1950,gAAAAABn5CE3ItiSe0Jg9ky3OkAygXArk4JlqKN68x9dk2qbn-Ym56MdVGJWlfz-9YulRdw1Fqj094iiIas5ULAhYCXvJ9rv4A==,05-11-2021,03-11-2031,Guinea
3.83825E+11,Christopher Randall,05-12-1997,gAAAAABn5CE3-zyFhdA-5eQUDd3HJhDpOP2PMzO3cArFR3rp-7QUuT3BQtd2zi1hV_2ZvWr4vxzI9RcOT0JUiNfc0K4FDZXb_Q==,05-08-2017,03-08-2027,Croatia
4.48051E+11,Johnny Martin,25-04-1976,gAAAAABn5CE3Y5LVnLLpAtVR1Z-uy_ixBfezWNWRiBTcwmSKDm80DO5ej50a3gW1ApQzDogfIFachvHoN5xFu94-0vCO6YdYyQ==,22-04-2019,19-04-2029,Botswana
1.06513E+11,April Mosley,08-01-1998,gAAAAABn5CE3fMtZqBzJAsEWGxcNbGf5-uvhnWVUlLMZHJyX5W7LoPQBu4xzas3PaTrYCTFeVZ5SUiWxjhUBfpL-DVm-Y8g6VQ==,08-04-2020,06-04-2030,Denmark
1.99439E+11,Keith Gonzales,07-04-1971,gAAAAABn5CE37BxsKKEhG0vxIsFxHT8ffgh-EBx5C24t9fjtBXKDNLY8pQ9_tFMMW9GQE-ZCs671RVu62GN-iEKnnIuyGafrWg==,29-07-2023,26-07-2033,Comoros
5.68903E+11,Connor Flores,02-08-1970,gAAAAABn5CE3mNUd9ZDSUMlZGmOm2cOjK8w2lN3fX62Pfd_WPz_lOYgCOirlnbTmtpJiVRPV6enp2dGlNc3kYMW_4Z7o4pBHGg==,16-06-2023,13-06-2033,Heard Island and McDonald Islands
4.92037E+11,Amy Johnson,20-07-1946,gAAAAABn5CE3NR5eglq4fwPFQRnBDnWK_tQM2DVru1MupjFehpHhDWIH8wLIPQu0ktpwchpODR05dySmINfcjyeentEQoGRIaA==,13-05-2016,11-05-2026,Brazil
1.94552E+11,Robin Ibarra,15-02-1969,gAAAAABn5CE38qvyt_y1ce12SXRyFy3_hHcPKhko47HY9lwzEn0qkzvlk56hVUFRHQyyVvP8yoaFNmbSCwr3dXKMiV3W017vBg==,23-07-2018,20-07-2028,Botswana
5.74493E+11,Jessica Hill,15-07-1950,gAAAAABn5CE3hqz6L7ljqn0fp5NqlmjAmfQZdTrTsMfeW5sOMw-NFi8dDzrA8_GWs5wTb7vNyNHS8LKTK2ZyqBhtuzVB1BZ0zQ==,05-01-2017,03-01-2027,Ethiopia
7.61564E+11,Garrett Braun,20-10-1991,gAAAAABn5CE3hrnJk5vAaXqOSvEQ5UmebLSng_mq35ewKkPpJtAjj6-1L7AjTb0aE2RYikcNhmbyifJbJL2LaaJ2o92cxlKvtQ==,02-04-2019,30-03-2029,Haiti
7.41846E+11,Micheal Shields,15-11-1997,gAAAAABn5CE3uNp9K_jcQj8YhpHL_1wc76BBtjCDwkJ1A1IOHizWEMS-jpVQNhgHgjqBK8uJI6jmpXpMP_UVSKZH-xYEDdDIkw==,09-11-2016,07-11-2026,Tanzania
4.82334E+11,James Mcbride,20-10-1964,gAAAAABn5CE3jLvmTy_R2u8ruLU1es5Y6CPC5yHYNkG9iq1oEvxK3OcrjWbrVTXf9w79vM0V15R82t-20MkAqfnWXo7G7P65eA==,17-06-2022,14-06-2032,Uruguay
7.62954E+11,Jeffrey Johnson,23-03-1963,gAAAAABn5CE3ruJMgQsXWg2HpieHwrtqrW4mpZA5i-95ppcyRM-esnK2_DX2J8SvY6KHacpCEW5w6ho2ndmfcJEK699w8ydZ3g==,21-01-2020,18-01-2030,British Indian Ocean Territory (Chagos Archipelago)
2.41209E+11,Lisa Gardner,27-09-1956,gAAAAABn5CE3jCBupXm4Xp5mBp0WNQhma3FrH3-XkjeEtw3FxdZWz2eMa7VBqK7Sb8ZYLvjLvPFtbk8zLFIO6ReYui-r1xhbqA==,03-11-2021,01-11-2031,New Zealand
8.86292E+11,Keith Brown,28-04-1993,gAAAAABn5CE3XxJU-oiBDo0pl_8eoYalPacBnr8vBacxJhTFtVQg23o1SleH1WxZN_Z3r6upJ7Dwbe3ROrObOhFqAmFJ5QwiVg==,29-11-2021,27-11-2031,El Salvador
2.63575E+11,Gregory Benton,18-06-1986,gAAAAABn5CE38wwMF-NXGWAhMTZswprDNP-0Z5saaWqLiJPKSoMFAqyZfbrXwWGHK7cHqmuGUwMbEvSNu32ny3_aI6H368usYA==,01-09-2018,29-08-2028,Lithuania
3.30604E+11,Michael Clark,09-01-1969,gAAAAABn5CE3Wl-ZRKxqB97TCcNfIv-H-CbVUeylJamrMaL40pwQqr2QRxxiZfriacgFQJhDrnxInCSf_Q8bndzguW8gRpH9QQ==,29-10-2015,26-10-2025,Pitcairn Islands
7.64028E+11,Tammy Rodriguez,18-09-1958,gAAAAABn5CE3sqrv8_mU7QViaGzx7n9xCnsgZZkaPo_asnYP5iEEtt8cQ-DkJbZGqVmqGXoQZx4oZzJOMsE_uWgzTQ7UT4jfDw==,08-06-2019,05-06-2029,Denmark
7.1703E+11,Benjamin Brandt,21-08-2006,gAAAAABn5CE3X98NVJxuTCFzZ_IbMpI8KaXc0oZFHl5ZWx5OxvjnJZYZmm7hq6Tcua3JHDIiPzfQSNLwGunREgp0G0FJo_iWzg==,07-04-2018,04-04-2028,Mozambique
4.34439E+11,Laura Evans,10-04-1996,gAAAAABn5CE3IOUXJyzA_HtSja4V_X9YiWWCiJQjqcwD-QdDsFaWwrM7xVE6aFoZw1NApDrvQJr_61g_YelCyMHZF8i2DBmiug==,06-04-2023,03-04-2033,Congo
4.12309E+11,Victor Lewis,10-05-2002,gAAAAABn5CE3rIWOr3P8YRVs6f2gmK8OOZ23VwRwXkHkwehciuKg9WHp-xvcXAJIX_6Borfqt-aSrxbyXUCIvf0mdBtWXs9cqg==,06-09-2023,03-09-2033,French Southern Territories
5.16265E+11,Matthew Randall,27-09-1961,gAAAAABn5CE3KOf4z-ygJr5kwBm85zS7GXQRWTZyB4df2QEh6a0vEC7OGJNOi4UnkUR6q2I4rL7B0FUw6PU-GPS_5pB3Qcaz5Q==,24-09-2018,21-09-2028,Cape Verde
5.81094E+11,Mrs. Danielle Calderon MD,30-11-1976,gAAAAABn5CE3elxZXTGLUxLg9hGBMo7LCZUlpLuYJpxTGTBCRauTv328vFvC-ts7sM19lBmoSDfoP3BPFISUv8KQW81d3lUdjQ==,10-03-2018,07-03-2028,Bosnia and Herzegovina
5.40948E+11,Kristen Acosta,06-04-1977,gAAAAABn5CE3iZUjnSdGYgQ1FrCwaQjBDrxtJGo4qGgYLBDvHwkb4fKjoJ3Hs_2p_wsl1WjRzW_VsnrzvEiqkzqzLwLbt5Ruuw==,11-07-2023,08-07-2033,Liechtenstein
9.79312E+11,James Smith DDS,28-08-1980,gAAAAABn5CE3TVkwpDpXz4bZ-OgJwVCgiNJ_zQiVL9ytjaVlRcRkmf57g-3BkY1W_V8osANdAwPadcp03g7D8959-ht-CJLGzQ==,20-04-2017,18-04-2027,Myanmar
5.84482E+11,Dana Jimenez,30-08-1993,gAAAAABn5CE3FV9SPFJ2BINKPBHS5QK-Gt182LDUp6iL_ccntd5NH7va0LsW9P28KXhGI1JIxRZBxHJfNXU1fDhUcM6tIKMLXg==,30-10-2023,27-10-2033,Malta
9.78624E+11,Kimberly Escobar,29-12-1970,gAAAAABn5CE3KtgZCpByG5LWA1qx0CgxwggU_mr-u1I_LDRrL3rni3sHJp_DTCEEWF8k3lxJq1rdfbuqYiCBP6fZrNLpEMMv2A==,06-10-2016,04-10-2026,Guinea
8.44153E+11,Kathleen Ruiz,01-02-1952,gAAAAABn5CE3gr7QTn1BsIzmbXZehmBXcq74HbvfAVzN2V-OCfMVC8wXhK39FTran26QYxCO-KH6DXkyL-9SI7n8b7GWCs_4zQ==,23-12-2015,20-12-2025,Yemen
2.14425E+11,Bobby Roach,25-04-1958,gAAAAABn5CE3nBiARg0_2I_yIvElVh89DmHE0mSxK9QdvstIHpZYd8JXw3WeyHKOvO7UhXQ57kr7ow8CodYr2VdmoyuaaDm0qw==,10-09-2015,07-09-2025,Palau
7.54459E+11,Robert Jacobson,12-11-1950,gAAAAABn5CE3ydDioxsAnn2SqGN2PUt8CNbtZWwGdYzsWhiGgauuGM9sPKKgUQluAZzs02eyl0CtAA6va9ZpzhAGzGA8UsZZug==,13-07-2018,10-07-2028,Singapore
3.83549E+11,Michael Bush,14-06-1998,gAAAAABn5CE3wmK3re9p8m8YHXvc-TgOQpk3R1_LBrSBofsQgvCKQ0CGHFeyEo-_JO5Ig9TerhxmrIpoD66H2Td4_IfY0UwSTQ==,24-06-2022,21-06-2032,Antarctica (the territory South of 60 deg S)
2.00768E+11,Amanda Davis,01-12-1973,gAAAAABn5CE3EY_SauMgzGJUEuZIyGwWbodo4M26NMAOpVZtOIi0p6RusRy7x05HMEvQZq_dDMAsLmOwhnLM8faDHErSanSJmw==,28-06-2015,25-06-2025,Somalia
1.14252E+11,Dawn Caldwell,18-09-2005,gAAAAABn5CE3jdVmwHGTSSAGJIDmJuPV_w3M9U8Syrfa8mgc4XHjqtVG8Noas4nAVApXFXqWDDZ0XjHUkS0KScpjabFgf4uOoA==,02-08-2015,30-07-2025,Finland
6.64939E+11,Shelley Foster,19-12-1986,gAAAAABn5CE33eskHdyh5J4YGlw0fnEMov09msqypN4o3cOWEel_Az_xigdN1x7PNC_HaPS2UVBzd81e65b4EByTmqC4yCRGoQ==,26-06-2020,24-06-2030,Norfolk Island
4.96945E+11,Harold Torres,23-08-1978,gAAAAABn5CE3wjgPIcu33ZQ06tNU5ZlWAgaraH2tkMtapKCq_jgSQ2SzAiKhcch88TXzDyGFI7Ny8F66S3vrbsCDCARx9wfE5Q==,26-01-2018,24-01-2028,Burundi
3.92585E+11,Jason Martin,16-01-2007,gAAAAABn5CE3Mwii9U6xJAM0yDpEfU7MUk8aw2CltMpGHF1kx5duHhckP9CmKXDFhYK_edcGcGKM_uKtTIvE6vywpje4dCVA7g==,08-02-2016,05-02-2026,Christmas Island
3.88352E+11,Janice Vega,14-07-1966,gAAAAABn5CE3DQ9DF-tnxixJ4DdRUHR3krU7HUml_tF-9-ygsbBhUygoEf9wxDnOY1-eOZ2lCJm7UHJd4MkApvKrntlTDED96A==,10-08-2015,07-08-2025,United States Virgin Islands
1.73303E+11,David Robbins,18-01-1968,gAAAAABn5CE3IS0jfpcmQZg7hKBFP_8QkMfGpvsIuplaiFMpihp7d1gWsb0VRczIhW-H7GEsmlJufua3FBBgVOw69OY2YQI1IA==,15-10-2022,12-10-2032,Somalia
9.61985E+11,Janet Thompson,02-10-1971,gAAAAABn5CE3-_t8hytd2lJ04d_dknDLKX1GtDVT-4IoOf6CINMB9v1pk6-kUOnKozoj4fJFrDkJil8HHzYVVurTA6D6NG7Xcg==,20-07-2019,17-07-2029,United Arab Emirates
6.93689E+11,Laura Patel,18-12-1956,gAAAAABn5CE3dfvZboG0g6TbH3d0cgvjDK_Q1V_wdG1K5_MXx8EpyB4ITsrUIPUAhRDv24f0z8Bc9Fy4PgrW80uwGFQYeNDY2g==,24-07-2019,21-07-2029,San Marino
3.11822E+11,Emma Jenkins,04-06-1960,gAAAAABn5CE3vLfcNK5dHUODGhAShpcSvuV4T6rhho1laVh94zVKo2JrjkRwh2SDuBc1yAqclmTywQ_g9whw3Iz9RcCvD17Q8Q==,08-06-2022,05-06-2032,Sweden
7.80375E+11,Melissa Ferguson,03-02-1951,gAAAAABn5CE30rY-VX_55YNOxC5wqOfo1tFdB_h41i7cyi0a_3dqoACFeXJlncEc_ZkYTL4voX7qinXCVdnbfmgyE7nz6ZJj1A==,04-01-2019,01-01-2029,Haiti
3.44307E+11,Joseph Owens,07-11-1998,gAAAAABn5CE3e638GNDFVJETlNshFyPj33lR4Z-4XbS-z_P65JBVlKY0PDFp5H_AR00589A8Ul5o-XkKB6lYmtH_N0LF5yB7Jw==,05-04-2017,03-04-2027,Tajikistan
5.37774E+11,Kelly Mason,11-02-1973,gAAAAABn5CE3uEA-sa0_E94Yb-1gsxKphYw6eAd6F818wpD469gO-hIp3VL-zAunPgwq92PT8HNoILhNAZ36rBlZpDDSKVT9uQ==,24-07-2017,22-07-2027,China
2.6062E+11,Stephanie Mitchell,19-12-2006,gAAAAABn5CE3ajStyw6sD-zTtxKUvPlL3dLmeTi9Uvh8iv9a4XFDQdWMuFTbk-K-aIcrFa8hj--9-BlscS5lmmUKvF7vuMw2Fg==,15-12-2017,13-12-2027,Mexico
6.03774E+11,Madeline Liu,13-05-1954,gAAAAABn5CE365uWEn4aChpd-sPVy98Vg9DMqOMZyq7GOEo1XctFVXNySqUByf4G15n27JRjw7IVOj3WW6YQnUy6p-zdLEebGQ==,17-12-2020,15-12-2030,South Africa
6.94278E+11,Darlene Caldwell,13-09-1989,gAAAAABn5CE30ROLf4QBmEci9VIlfLn2UiOnjscOrHdg6MIb6QBKGJXGH7qRq4ms2i2UtX4fY7_nQeNhAmlRO3De6bK_gKqeYQ==,21-10-2017,19-10-2027,Saint Vincent and the Grenadines
4.08202E+11,Melinda Jones,03-10-1968,gAAAAABn5CE3-HpjklGpPbllAZXg0Kesv1YsnQeTNRyqbN5GD74s8un_et_JJfozGLiQabei9gCq0bD26zquHHJeIwPwOsFRJQ==,14-10-2019,11-10-2029,Denmark
8.92698E+11,John Norris,17-08-1973,gAAAAABn5CE34GTQHgNIcmOjwV5KvT1lXjrO8kmXNUueuNZoCVpB9y_6HGBTMLS0ZDo-IJMGqbHweaRrdWqB7iRuPUFsPpSA8Q==,02-04-2015,30-03-2025,Cambodia
3.16886E+11,Scott Crosby,18-02-1956,gAAAAABn5CE3Eq5XgaDJpHnvfrHn8ykyDuoIIXhBZQ-ZNaEEhvFdYV-akZsQzf0HaZI6ahG9OxakMfYWftuqsnAzAS2OBlkduA==,13-02-2017,11-02-2027,El Salvador
7.64626E+11,Cynthia Black,31-01-2007,gAAAAABn5CE3Cymct7e9fyE-QW5yzzUVPTjI1GObjsO8AJuVpm2HVPIaUlOdzgGeU9duqoRBg50bSYlyty9accTyvsSZFaTzDw==,30-01-2017,28-01-2027,Aruba
3.23015E+11,Jacob Simon,14-06-1973,gAAAAABn5CE3t7jn818RCYD24lNoYBGhCfTPr7KZkEW38Fz_F9O82zkI1YpNJ1nPE670Y9yp8bmoKeD7p2KytMOSdtBCI8_WCw==,11-03-2018,08-03-2028,Denmark
5.27972E+11,Jeffery Stewart,20-08-1974,gAAAAABn5CE3c5ihDAVbfbYY_qEZO8FRScSu3iaCGdd4GhCF2avo7X62gr65NgXv72ceCoxI59uBMMS0gjAkLpHdYHe_iBDrOw==,30-12-2021,28-12-2031,Comoros
5.40958E+11,Jasmine Calderon,30-06-1948,gAAAAABn5CE3fiqdsjbDjqBq5xXUIZBAHVgjNPJYACFMobnv-4SUogWwu0bY6YXYewQy8NCHKGhzNcZ7Dn3GdkaG49FJUhOjHg==,07-03-2016,05-03-2026,Yemen
1.72214E+11,Jason Gonzalez,02-09-1992,gAAAAABn5CE3W7SPiJNE_02dwgFr_fD-u1a3gO8dAaeLdEdKjYZTI_0cImwnFis8fvf1h4N8xWcyGYdRpsHF619VcZDP1VVCVQ==,03-01-2023,31-12-2032,Montserrat
2.57163E+11,Phillip Stark,06-07-2002,gAAAAABn5CE3Z5-61jGJgLxKkGK49UGANeCfv0ODc2TLamYB0Kv_92miZ-GMdxoOO7KU3-h2EdRp5FT6fhIRl6lqinTosWzY5A==,11-06-2018,08-06-2028,Burkina Faso
3.16965E+11,Lee Thomas,25-04-1999,gAAAAABn5CE37jlMuE3tffxKJi08NBhbvJyxwoof6207c40Xs38IqvRu0t7rKT4gMtbQPasea478rkZhLyW5irFz1k8h94u5mA==,26-03-2015,23-03-2025,United Arab Emirates
2.3742E+11,Jermaine Duffy,22-02-1977,gAAAAABn5CE3Qe-Sv5jwSzaWWGLz-f6wtlN5clf0he1C56dYRLk2RuMkiqhZJoGnSmJSAAyGrH1Xzn8J54WNcWgzyyc2cMf_gQ==,09-11-2016,07-11-2026,French Southern Territories
8.52424E+11,Brian Rodriguez,03-05-1998,gAAAAABn5CE3GHnH08WDelqBpNLFX9tQ8gcqNuxG-E_WiIDB5uBK7G596s8fu9zE5O5040bzfoTZx8mRuT1bKYXpnKWg7cEe8A==,15-08-2022,12-08-2032,Saint Kitts and Nevis
4.05024E+11,Kenneth Williams,02-02-1949,gAAAAABn5CE3NkcJW-ItL52nBje_WkQ3oPYLLIYarNbZ4-1v6pMJLx4eMLlZ3ap--t-1nciQaagCcyZyZwa5BUhWQrdDRgEDow==,07-02-2024,04-02-2034,Norfolk Island
9.69454E+11,Jerry Adams,26-07-1950,gAAAAABn5CE3pcCQw3gtPuruhSS27kzuFGc5I4I4ntuiR8gVPZKPcwsIFYwu_EM3RwlHhVUnkzOj21sniVvEc3zZsSJr5v8j0g==,25-09-2015,22-09-2025,Saudi Arabia
6.71429E+11,Jerry Burton,19-01-1989,gAAAAABn5CE3igesiJg1cDwiBg3kmou_5DmTWrav8f5Tnu9D2PSqzhGj6LPX3hx684QdX1gCPIi-EC3fvKnlXUPsofY9WluMMg==,22-03-2018,19-03-2028,Spain
2.33789E+11,Christian Gonzales,04-03-2007,gAAAAABn5CE3YviP3dR4GTuLAElgMW71phLs9P5KwvNhGsrqLCjIyn0U7R0chLVlx4BYHxtdux88uxwMuWVSFBa3An559UNxHw==,22-12-2021,20-12-2031,United Arab Emirates
3.40005E+11,Amber Evans,13-06-1946,gAAAAABn5CE37n-0wZKemY1puAP9jF_Y-lDWUhBotJdbQ-O0kl3-1zkF2Ljgw5EMoUKHaWdulc4Wgj3TbRjCrI-h67Up73WgaQ==,16-12-2021,14-12-2031,Antigua and Barbuda
2.91605E+11,Karl Sawyer,19-04-1962,gAAAAABn5CE3DaYJBR42yzImaiRSX9_1pWgXwPWGSj3wrRKPb49Lp8I6r_u1PzAw4BKJ_gLa_y3DTqyl_82HFtkvMXYWdwex5g==,07-04-2021,05-04-2031,Greenland
8.57276E+11,Madison Ramirez,14-10-1980,gAAAAABn5CE3Ll1YqtWDmJmlK2T9Pz9rZ4PG_liO7dAJcKNM4T-jan2YehxD3i8_ZUP1M3bRoCWKD5KM0b_tT3e3bAWfkusx1g==,16-02-2017,14-02-2027,Albania
5.11521E+11,Brandy Murphy,01-01-1998,gAAAAABn5CE3TW9Fun84ZguByI8-ok3czu9mJfhVZ5TaHaggNFR5IVX7vpYG3cfhsy81Lqy_bUfA2pXdQ5NuekWAE2PkAmHn4A==,31-10-2016,29-10-2026,Djibouti
7.80016E+11,Heather Lopez,20-04-1955,gAAAAABn5CE3wjRfiBKB6_y8gjKrX6NRcMK5nlpz7QK06nfIoMxwA65rKoZuP4tSueYVRjV0x8PtK2FNrsrcdqDm9Bq-eEaHUQ==,14-03-2017,12-03-2027,Cocos (Keeling) Islands
2.37519E+11,Jennifer Gonzalez,05-09-1965,gAAAAABn5CE3j3TShKIs0cGGD9858tWbhP5lkc2bpGNCXlgutREcwjmgvWy8Yq9q8j8WTr7nV81Ef9g6JpUo9GbQvdlznP4F-g==,15-08-2018,12-08-2028,Christmas Island
4.39742E+11,Frank Ramirez,29-01-1979,gAAAAABn5CE3umU2KoxCyedgnI00GCn2zxLX2FzDvyGeE_J7qyuSSZ7NEyIBGv-CCBcMU6WfbVs6INP5-JMCDPn0RyDXoaqOrQ==,31-03-2017,29-03-2027,India
6.39379E+11,Andre Ramirez,17-10-1967,gAAAAABn5CE3QQ_WFCFZOKuNP4hQTBDEnb0aNDvXTW4VRIhLtPr0MP9NxL_VFD5SDe0U3AiTJCk744FTIwRHwbLTSHbQeSoYEw==,10-04-2019,07-04-2029,Netherlands
3.50057E+11,Randy Smith,19-12-1994,gAAAAABn5CE36zgg_OWRoMU6WalmsOENhh4U3-tcoTVaQOWIslJ4dmIjCei7Rz5xaqlFHMPsQw6xE7EuLz5uXC7vwB1GG0w7KA==,20-10-2016,18-10-2026,Syrian Arab Republic
4.60471E+11,Samuel Herrera,20-03-1976,gAAAAABn5CE3nHEFTp7VXwBdlALiqtadC4uDGq6uaP6MqfBXj5PkGRHxFBvtJUfcn-OHgIoCMXmnYbOqEcL6O4OOzNlpMugErg==,26-05-2023,23-05-2033,New Zealand
1.0693E+11,Jennifer Robinson MD,18-05-1998,gAAAAABn5CE3LWQefVhx9HdKBCYUxVK2jpg_kTj0BC_Jo3v_bHg2X9QNNXyiGtcQbTFRR88XwAnKBRnmPd5CgXbE3halkW7StA==,16-07-2019,13-07-2029,Ghana
8.05072E+11,Jeremy Reid,02-06-1974,gAAAAABn5CE3gfq3R1x2GTRBf2HJM2u9o5xavdz40EbGvvCa0qF-xVchyd40j257Z33kKBT-Ooll9pJj1RzNF_-Ht3dU68-Mjg==,05-04-2017,03-04-2027,Egypt
4.20174E+11,Norman Miller,12-12-1973,gAAAAABn5CE3tjcWnRvSsWYoL5zVqvShRTxYayuNV7gYeo5IfuzwADHfBcEOoj72oNxOzrMONhcV49htQYDasiWfBUlwzkNYQQ==,26-01-2024,23-01-2034,El Salvador
5.00703E+11,Joshua Smith,23-01-1948,gAAAAABn5CE38ciNP2bL85qtBOYiCuwKEEoJfiBiyWP4IjUA5HNxBQ8ChGRyFU6sPMFp0W3f3ZT7-46FF7E3KmhavdZRRvb9NQ==,18-10-2022,15-10-2032,Georgia
8.14526E+11,Dalton Burton,28-02-1980,gAAAAABn5CE3sBjns9uuBIv8Uv9Mq5E59wh6Yj2v2v0HYihnLgPz5_BzIMluMnn-Je63hnAeQtydxZd-XVgrJOSZM9mFYONeLw==,13-08-2015,10-08-2025,Germany
4.68387E+11,Sean Rodriguez,27-01-1964,gAAAAABn5CE3guhoTDDUqAI9mqy2IJClFVLWZCu_3z-r9dlTarBkT5ElCdLUdohR2UpB2UKA0SZBI7HLUXRwRxTLsdM_6stMZQ==,15-08-2018,12-08-2028,Yemen
8.81283E+11,Nathan Marshall,30-03-1996,gAAAAABn5CE3PbNxKV_Wrl1E7lFixEcr5u1pdjtO9lp2zvOf6CA7ulrL2ecBo10jvz04ko-CBG6RY_GEGrvY5CJlCmLumfDaTQ==,12-01-2024,09-01-2034,Mayotte
1.58008E+11,Stephen Gregory,24-08-1962,gAAAAABn5CE3pQ4U1ExyjLuDwbIUEJaxd5ITeay4RHm555uH6aZTG2HsaDQv21EtElOOiTR7hJyL8QociPt3kn0vV2TrXBoUXA==,09-08-2018,06-08-2028,Albania
7.59126E+11,Joseph Robbins,24-06-1947,gAAAAABn5CE3H83FjFDez5botUEjyrDo73umvSu4fPPmnFkVuFMqPMx1AbjqfbNmiTYSHZYXIMGfkzSLyxcYXraZCCJogRTIyg==,07-06-2020,05-06-2030,South Georgia and the South Sandwich Islands
7.23189E+11,Nicole Webb,31-07-1947,gAAAAABn5CE3-4Fq07lkqaWXdnccqKPZn-AReWLemOYhZGnhaYnW17w_oHM0lzV_xivOIBLLVibp-14nIsv79pf6V1-m0665gA==,12-03-2016,10-03-2026,Dominica
2.58384E+11,Jack Anderson,28-11-1952,gAAAAABn5CE3ywRZ01IVEpZhaX1l0nSRS_UlNw6lCzaJRyeaSO-0o3XX-iVyyoCHDRZYMDWRnC1ChVV_ojAia_onP9nU0OHfEg==,26-09-2022,23-09-2032,French Southern Territories
3.97539E+11,Amy Shaw,16-04-1972,gAAAAABn5CE3cEjQRVEV6_XGHU5ZessATKVmpFQ1Lxz2bL5_5ROiGTvZ9oCH83Qx8RgHXh0xDkLmI_1xzmsuRIRSotwWHe2keQ==,18-04-2021,16-04-2031,Guernsey
9.46267E+11,Corey Kennedy,17-08-1999,gAAAAABn5CE3Z_ldxj5XAg2EjjeeTLwqYuBHCs42FXT5MiwLz7SnNmlz7XvFyi8ADIkS-R4yMQRa4E4As4JpAZoeFwgxg9oUrQ==,31-03-2023,28-03-2033,Greece
9.77554E+11,Kelly Foster,24-03-1953,gAAAAABn5CE3b9-0PueMzMQM8OTjOyRBooteRDNMRcYBGSdJZEfFFE0q-9akJRsf_ed1Skff39Tq2v_tRDQ_aXt4-muv0Kk_eg==,27-07-2023,24-07-2033,Suriname
2.25128E+11,Jaime Willis,18-02-1999,gAAAAABn5CE3FkpWksPKgUseyhwW1AhWzwKDi7a1R5_LyisfA0MyK9dY7iwYLFGqIPxrKQ6GIqb0tfoUebp_cJtwQyjJk3gESw==,15-04-2023,12-04-2033,Portugal
2.52482E+11,Danielle Hayes,18-12-1984,gAAAAABn5CE3F0w1ldYGlnIdIhYaG0OaVoLjFr3df1YHAMR-z2vZvtf2zShbJpjuL5Ele0ttSUg7Y9UBLQIlVAnYT7q_EYzY-g==,09-04-2018,06-04-2028,Norway
8.30622E+11,Jeffrey Thompson,31-05-2003,gAAAAABn5CE3Pr8Ke9SSSYZVeiSqTWJs0FU2ypuqNW3L9v8yqmdcJn9TGVOawEK3BaYGL2w-hkh4CF7GaC8yF0-OKX1e3Z702w==,28-01-2016,25-01-2026,Guam
2.64161E+11,Brian Martinez,18-07-1984,gAAAAABn5CE3uCB-y2pNF4j2M3GTE2M03Y5utecHbhZH-mYwADWgY8pnz_16raFjrkof7YKc46fN8KqUl2wWLbAIpfPEYDmd-g==,18-05-2022,15-05-2032,Bulgaria
9.04303E+11,Bailey Moses,01-11-1953,gAAAAABn5CE3opUymqNYhJR0pij6Q2SgF-A0Zz2A8oCm7rS1PQUL56GWdSQYemD5bQdeA13V34NZfAUFBWKErZ6Rnp0se5UIDw==,26-09-2019,23-09-2029,Australia
3.2881E+11,Catherine Jordan,17-03-1992,gAAAAABn5CE3e1gBt71mqUX35IEtH0dRXzNyHviWD-38nUTk9Lo-JFsu1V4M1eoBr4iaJwLMVgVUtHiFQagxzObYnFHTq_kcgQ==,27-08-2015,24-08-2025,Jamaica
1.02466E+11,Julie Gardner,07-02-1978,gAAAAABn5CE3TKDSAxXKMzFYwFf-HMcPBMXP8_UENdoM7plVIiNhjI3uM-TmMIkmXW4pbcc2wcJ84GB2RVz2YU95ORXXTI67AA==,30-05-2020,28-05-2030,Mali
4.24472E+11,Nicholas Payne,28-02-1959,gAAAAABn5CE3Ru1M9NhjvQnTQECgw0W4BLOgp8MPhbGQoY04F0uEFymzC1LPWDOTafSuP6o5g8XehL5tfZEgAE6riagTHDs3WA==,10-12-2022,07-12-2032,Eritrea
8.01385E+11,Leonard Smith,07-09-1998,gAAAAABn5CE38OWBKk_HouFmI-ygJIYkb6H2jNQkuJQ7aOl7VREUru_qmYQZJI9VwDIPhVn_D2AOlP6MIBbe1ZT1fLEgDitWnw==,26-06-2015,23-06-2025,Jersey
5.25354E+11,Christian Mcclain,07-04-2006,gAAAAABn5CE3dqB74wq8QX3p4CoFnwZ6_-zjB3OXgrbPYGVMrHm4lN-ipNJ5oYiT3fU5VgaXLgxBpUy7P5XMJcn5QvbtES9wIw==,10-08-2020,08-08-2030,Serbia
7.88163E+11,Bradley Davis,02-05-1993,gAAAAABn5CE3Bw5u7uXAriKYlZ82m1R2ODjWJIyAf-ggSKAu5opmrMybyANbR_1LRStXMNn2TBku_p1NbsPhnMCb4ZxGh_yU2w==,22-02-2022,20-02-2032,Haiti
8.26697E+11,Kenneth Sheppard,20-01-1947,gAAAAABn5CE3cxDJGqlOxyFL-6cgeK5qIZvjVOmqbZooFeeu5szyiGztjAnDlJ-yEfrTG_iz9VqRAsbybIVLuzxPjbKY5QhpkQ==,07-04-2022,04-04-2032,Singapore
7.78793E+11,Russell Pham,29-11-1968,gAAAAABn5CE3KiasYEn6Ufw9phFNYmc34npi7yI8IMNc6Sga0thD6hij6C-gUZa19CzrEcsIVA1uyb-0oDIMZn-QlPswInDBdQ==,24-03-2017,22-03-2027,Montserrat
3.77504E+11,Annette Ward,10-09-1998,gAAAAABn5CE3_9al77iolqkxdeu8X0IQszv-0Fdfjrzf8NAOm5I8tqoce7wm4Z3NsFpaME8IWt2Dn5-UuCqM2rhhpUOL-1zsOw==,05-02-2019,02-02-2029,Slovakia (Slovak Republic)
6.81043E+11,Jim Smith,01-05-1966,gAAAAABn5CE3KigXjmgynK1XijPwIwwMefRoCvuakrP9GsNUMxSWSL_57fj0H-939qGGeyW87scIvrL8hn5eKZKV5wkPK5B--A==,02-05-2015,29-04-2025,Mozambique
6.09453E+11,Abigail Copeland,23-01-1971,gAAAAABn5CE3_6sjr8VdUihdQesZ7R4W70MU6U9g7aSlyCwDO0N09OtnGb0kUGaAPtjQ6JdRKUYrs1ajHpm08bq-iLMX1gJj2g==,29-01-2022,27-01-2032,Kenya
4.80971E+11,Craig Strong,16-08-1988,gAAAAABn5CE3-CnAiu7GLIt_HgLEsMsone8-ZZUPc4TyuM1StpC11BXJ4g6seUP1OKxO8kLLpGV7jHjqT1p2wtnCkG2Yhx1pGA==,10-02-2022,08-02-2032,Seychelles
5.75953E+11,David Gross,03-04-1974,gAAAAABn5CE3Eju4bq-ECa3EXmXSa6iWJ2XX-cD6evQhxm_2Y68h6gXnzdbt1fzYst2_GD2lAEIfmGb3OjQiMZZxZsvztscANw==,21-05-2015,18-05-2025,Cote d'Ivoire
7.95686E+11,Stephanie Perry,11-01-2002,gAAAAABn5CE3QZJss2blwLX413md1czw8Nzzb9Iiz1pC7R2OmWbckaG1kZf6vxrEJsBNmq_YbbALBNk9OnKLWPIcw2xiXmir0A==,28-05-2017,26-05-2027,Mali
2.26264E+11,Christian Munoz,03-12-1959,gAAAAABn5CE3e-LSvjQFxLu0-yblBnS5YLGX5EypqQfss2hoxE01JriEZvhbPjPD9sAm1jcKeAbXrLbD-BUpPR0ukMSDhRZB_Q==,12-07-2023,09-07-2033,Bangladesh
2.58386E+11,Benjamin Barnes,06-11-1988,gAAAAABn5CE3xN-jizaqLSNk7a9sejld8OwJxty4GmB9GNZWnEa8LN_TOuOwDDE0l7gurUoemO7Pi2lL-fykaW4IxkwtOP8Uqw==,10-01-2016,07-01-2026,Uruguay
7.27745E+11,Victoria Thompson,17-10-1975,gAAAAABn5CE3FDKE7VHG9WTnfKlcXz8Tlfgau9wjwryZ3HZKhfJj26PbAMDCQLfXSZX-m-8YpuKTvW34tqn18Ja8o478IuBo1g==,23-11-2015,20-11-2025,New Zealand
8.84536E+11,Linda Collins,22-06-1961,gAAAAABn5CE3b15Mp8kw-POM5TmKbHpyOI_Z_cu0BMyViUtmqsLoV7pY--kOspYllOcgLleGCgkBpnB_wm4K6rKgDDdZJUH9Xg==,11-09-2016,09-09-2026,Jordan
1.86408E+11,Michelle Parker,23-10-1957,gAAAAABn5CE3p5t552EP1g0umjjyL2G56ts8FKbPMTV6TnNzQEPTHv92Ovkxs0VuyxCaxd--T2ARxuvdgNliaL0DLw411udl7Q==,30-10-2023,27-10-2033,Lao People's Democratic Republic
6.00585E+11,Nathaniel Cooley,26-02-1981,gAAAAABn5CE3itnebT4ivDQaAhG3oba8ilkEnKx-DXGpDiIyT3mjTCM79Ot2Bh8H2w1iuyDY4TRF1TEXi4nrcMCk6RFz8JvCnw==,08-11-2018,05-11-2028,Kyrgyz Republic
7.04138E+11,Thomas Price,25-10-1994,gAAAAABn5CE32cpjLXIaGtoXSpBYqZdwE2cDK63zZDikjga-NzpoD4iEtxmM3nCdQeg0v9OoI4zdnLuBxNhUn2EzS7gUOOplBw==,30-11-2017,28-11-2027,French Polynesia
7.52034E+11,Melissa Kramer,29-09-2003,gAAAAABn5CE3-u4YzIpGT8XpoQrcRBaDgzgzEzY45gUjkJANOSs4axm8i2WRIBpEuP_pglEqVYLK2JS3AHB6wmiOUb9vzRs85A==,06-02-2018,04-02-2028,Canada
2.50202E+11,Robert Morris,02-09-1970,gAAAAABn5CE3lBf2fXeDLLbOM21QYLG7OFtf3djeMFfFCoEGLIfkph9-10k0M2P2NsKReqUoNCwBCe1fKDEbyT1hrPQwvsP1JA==,19-06-2019,16-06-2029,Grenada
4.68372E+11,Brandy Smith,22-10-1979,gAAAAABn5CE3v4MUMe5Rw4f5RabWCFLmvQceFy0pI9w9JTJbF5HUDRnC7Y21FvY60CKWWcvXv_y-_8HZNrfO6I4WS3Kom61F9A==,25-10-2019,22-10-2029,Armenia
5.12434E+11,Angela Thornton,31-08-1958,gAAAAABn5CE3VxeDAyg4WuCD4kzHDuX4h4VNFg2oWV-hcdu4ocEjH6yI0abRQA9KK5VTvV0Bbcxv2Zzn4BP1giaNK8SiwRUW_A==,14-08-2019,11-08-2029,Greece
7.86428E+11,Katherine Williams,23-03-1959,gAAAAABn5CE3tFIYtgb0zugQaSKnC-4hKLDC7FmPexcmce4ikHPxKP6-e-Kikn1wwP-7WX5Y0mfIOwAOlYu0Dhagy7djqikiTA==,06-03-2021,04-03-2031,Macao
5.34333E+11,Sara Stewart,11-05-1948,gAAAAABn5CE3bcJqUqOiUJpQLQLcR9K21xSZh0G5MwFnj808dU_BXs4iyWvB_Ks22TgaYIrvLz4F6Noofu0yUACt9smjJpyZBA==,15-02-2023,12-02-2033,Mayotte
4.20628E+11,Jacqueline Thompson,20-03-1973,gAAAAABn5CE3qdoh-ymOZjoycVf2rx1E_sMnlQtHIZ9DUaVRdeQzVPFydJdy8IwGbrglH-wBceXek2C3yyjL0m-1XseZbgofHA==,07-02-2022,05-02-2032,Holy See (Vatican City State)
7.76591E+11,Valerie Evans,08-08-2005,gAAAAABn5CE3SnWb4JN2kXXfzDxNg83KV674aD1s93Dd3Gwjz6mYPREwQndp2LfHO1hjm3nFGP-AVY0Rf_uHoNnaRdZTcYcRsg==,03-11-2019,31-10-2029,Greece
2.58192E+11,Taylor Landry,17-11-1960,gAAAAABn5CE3y7DJgFiEqrsihDSphYTkEhBfJ7OwVRrs7aOgRq5CT5Rvme9UocFpdbVvZEE_5QS6P51vynwzSxUpeirUZaGTwg==,24-09-2019,21-09-2029,Malaysia
6.01224E+11,Courtney Bowen,02-10-2005,gAAAAABn5CE3FFm03-QLkgFbWGyivGaR5RAobpBXcdl_0uEBlDnh4wbP6qTLByy6cFkjpk_TYJXZ58OwAy8fi3c9ebil8RVCOA==,15-03-2024,13-03-2034,Greece
3.30949E+11,Patrick Ramos,03-09-2002,gAAAAABn5CE3CqyZ1xqnJo81IZEcUGfeo4gl-f8Rld64Q9G_ih7vIwdBATR4B8Gxw8CjdEKMHQMX12nboEab_zrp4iRxCPy6LA==,29-11-2018,26-11-2028,Tanzania
5.88229E+11,Tom Fernandez,05-09-2002,gAAAAABn5CE3GPuLYigUbDxuagWuEnm2zJJGKaNXwxqFbpjiwI1w5_E4Y2a0JNsJ2a7iv9jYftF6cRIPMN-aghFtgS0OLsGeaQ==,16-11-2022,13-11-2032,Niue
4.41779E+11,Michael Powell,26-04-1964,gAAAAABn5CE3yHOuxVXPOAlDdUSG6O1GWoZk9nclfNdzrNdt1APZ7WNSLRA-Mt1BsSSXRDeqjw5G3KhUglm2PzNB1ijLpqv2AQ==,08-03-2021,06-03-2031,Thailand
7.36047E+11,Evan Beasley,07-08-1950,gAAAAABn5CE3qG4Ro9dfafV09vNKUe62HWdom9sOgPVcRDiigWIX-N5jluw5YkHRE0FR7wAWV3uLOrQHTXAxzCEtzdhYzm7BsQ==,25-05-2020,23-05-2030,Dominican Republic
9.5482E+11,Tyler Mitchell,30-08-1963,gAAAAABn5CE3hq0szNA_Q9azoeUP_3ywDQ0m9GB75RV6lZUS8vaA9sA6yyOfucELsJ6a9f6H3m_gsHSz8lfH1SnsoVzBcSVX5A==,17-11-2023,14-11-2033,Costa Rica
5.00321E+11,Dana Lopez,24-12-2002,gAAAAABn5CE3V82JF-FZ_Of-_OY1iArXBR8hfOiRw8ejSJZ-AZxVZW3tKFr2bM2vzw2qP9tRlT9_iGCBS8rAcClEPhIo78QY-w==,27-08-2023,24-08-2033,Lao People's Democratic Republic
6.10154E+11,Michael Bird,16-07-1946,gAAAAABn5CE3vPzTd1t3hYhxfDqKeBKBQa4CF7xO8n0Z-tCPMS91Qam-HfJyDZ6qjsONSrULY0aIyxGebjhKolZLiUX1-mOydg==,27-06-2017,25-06-2027,Bermuda
5.19687E+11,Angel Brady,16-08-1952,gAAAAABn5CE3_WKNz0nbw8oTq9p_JuKrkksmzQTZCzW3cS3ZC1_3kp062TCRBvESmRVp1e_lA2IrPYUSzn1SdBASp13EBK4y2g==,25-04-2018,22-04-2028,Gambia
5.72203E+11,Shane Hebert,10-07-1961,gAAAAABn5CE3haVaYrKk3EWstEkkOwqjbAUeQ86JBqQp_1bgmjQzMR8H6-PGjyvq54LJHYnnupbTru3QBWA0toC6u-6tUiw_FA==,08-04-2015,05-04-2025,Mongolia
5.52423E+11,Christopher Williams,28-08-2000,gAAAAABn5CE3X1h5XxVOgiXh5f6hhbOt9Dez5tKPJWNk-u7j2MkyaQo-rA91soYS-OBkPkgGivRupdtG_BJi-Sbgy6aWLp9r3A==,04-07-2015,01-07-2025,Suriname
3.0039E+11,Rachael Stafford,07-10-1979,gAAAAABn5CE3yznIDkcCJctrcrKgmJ6tz-DF5JG8n3s3up7YAz4TuV2HNCG2aa5kQTXg8KoTknw6g2MwLtVbWrRTeSE-zHEaPw==,14-11-2016,12-11-2026,Guyana
7.01496E+11,Jacob Brennan,18-05-1994,gAAAAABn5CE3bhbJEuhB5MkWSDKdH2A4motbRsei4dXyS105pFJGIF-rSwiEdGR5fssMe7xT_aKbw4H1vRePk5xfTQWCvnpOug==,27-11-2018,24-11-2028,Mayotte
9.73022E+11,Jeffrey Wright,27-03-1968,gAAAAABn5CE38Fu7DA8r1o3JzvbVNFvqA8j5XJVKsLVG3DyCB3zufYUdTcPpQwGRbPV-nEvQ2cS6BBSvUQvHBhyqcTaLNrkbww==,05-03-2024,03-03-2034,New Caledonia
2.86831E+11,George Hubbard,20-07-1944,gAAAAABn5CE3Pyg9rUDR8z8TFthrt_zlzh1x1ybjw5fisv0tS_o6SNTvvMsbS6LaW5zEUQSP6b5yXAPANa9DDsqWCH2DFXP4Qg==,13-09-2023,10-09-2033,Mexico
2.47632E+11,Dominique Wright,13-05-1978,gAAAAABn5CE3FCvNNoNR_DGIOgETBXgm9Vxq1VVnWP3MQSz1Xj1h0CzESmHKOeF72dbfhPshMuHR8OBrGLY-DBPf9u5RFGjjww==,27-07-2016,25-07-2026,Croatia
4.98204E+11,Ashley Harrison,07-05-1944,gAAAAABn5CE3sfDSfVH1X90EAdCCPv6W1sRfWOxfhq3L-S8d8xIPEm_leDizUNkjqq9ij7rbERNd8eslrTwsz17bTtON49pZ5w==,19-01-2020,16-01-2030,Sierra Leone
3.961E+11,Lee Tucker,19-11-1961,gAAAAABn5CE3-hbpoF98sGktG3uZbc2NEXbLe2RmL1H6kQH60wm0w41P4EBY9cjthHQ-OBcVo_IH0AJbv3UuCUFN_77XJCKbrQ==,17-06-2017,15-06-2027,Jersey
4.38778E+11,Victoria Bradshaw,29-11-1985,gAAAAABn5CE3J0PfHqWsHNvxfM8lq6It2e0cU0km5XiPjKtGAiW2vcAg3QmkjhOFd2Frhjs3MwvakTzva_Ep_mAVTvldSvwbrg==,19-02-2020,16-02-2030,Nepal
5.7963E+11,David Anderson,28-03-1963,gAAAAABn5CE3J0OczTgJwpZKRYoImdMhLhJ4Y-7wQ6qeO5u1b433P8i8tIcEpN68jXo96KSU5j1lZQCQbiJzDkYK0lJIVS5o9g==,22-10-2017,20-10-2027,Malawi
5.6044E+11,Kevin Clark,15-07-1999,gAAAAABn5CE3PdiTb_eMVj1UpksQBwskq37nEaSMUSJp89rp2z__WMtQIBTvcz2vxZnmlpqtoaLdp2gC-bRLbjQpfKBuE2KJpw==,30-05-2018,27-05-2028,Zambia
8.89352E+11,Margaret Garcia,03-11-1964,gAAAAABn5CE3Ya54Dpr5tUmpoNYdK1qh1eEfMIYlkfrF0c4ZnPuz0XHn1AGbYLWAQRN5o4Oocww3fy0_figPZR80won4n0I8jA==,17-01-2020,14-01-2030,Finland
2.13768E+11,Nathaniel Mccarthy,21-10-1959,gAAAAABn5CE34vRXXEdo_XoAAJKBSq-pV5NfxHG4nar3Z-EeTuzC3MqJzZSLOPSHxFqBp0Obl_EB3SoSnchkHASEurLqKruhBQ==,20-05-2023,17-05-2033,Cayman Islands
9.47852E+11,Andrea Baker,17-11-1997,gAAAAABn5CE3wDPHfyZCKsSAHva5dVqnbgWkPoZeutmgECUSUfwDmJwsJhzZcQf7bw22FYVjYL_CL6V2ndhxOTfk_OTIx7rk_w==,12-09-2023,09-09-2033,Senegal
9.79872E+11,Elizabeth Mcknight,17-07-2006,gAAAAABn5CE3Cl8AnjV5_9YGmFr-4koBdhqxFos1HM2sG1PWe_2eCL56Ydw7eHfHMnjD2rmpTfAcQYJ9sVd1Rc9m7YmCyJx7iw==,27-07-2020,25-07-2030,Paraguay
7.80473E+11,Julie Martin,13-03-1957,gAAAAABn5CE3OcW2Ibr9s68OxOtE-JO-GZsAzz6ZZgX6KJ0SiDfoRsxjrVmBb0fegOVCeKHuiO3CDlGkp8eXhdxlJhh_7IP8mw==,04-02-2023,01-02-2033,Kiribati
3.96436E+11,Heather Jackson,13-08-1992,gAAAAABn5CE335UkJwonPXod7DldR0Q2xaBDL3bT-BMydjtJWzX3IXwXM19MqagaIaBmRFwQz2u21iWDQLFywzxLllv7hnedYg==,09-09-2015,06-09-2025,Turks and Caicos Islands
6.18143E+11,Christopher Jackson,13-04-1990,gAAAAABn5CE3jOoD4MpTiHRAL01O-a_z2Efti6ZIcN4v8ixMFPexcqIgaJQ5VYPN-69ew-R65egtffT3RuXX5cjhFSgE1GJJzQ==,08-04-2023,05-04-2033,Botswana
9.54268E+11,Melissa Gaines,20-07-1981,gAAAAABn5CE3e7FAwTUlRD5MkHQhuTgHCUkplDA8y6Vx1FETUvDGGC3QnptjrscL5Onuv0i7E4gCYWOoq5YPOwpHuKOcRDN_4A==,04-04-2017,02-04-2027,Kazakhstan
3.64615E+11,Joe Garcia,02-11-1953,gAAAAABn5CE34NDR6Jx5Zg-A2H4qfR4NArflDEgAYAC4alefYBf9VxND8v1D-hsYglVnsB6RHNjsj8-xQebBynMDup6U5s0ynQ==,30-01-2022,28-01-2032,Luxembourg
8.08517E+11,Jessica Ford,03-02-1997,gAAAAABn5CE3uMCH-Jxb1eLi866VtDcoFd8uUjYp0OPpWMs9SCpn5cmmH-yLyV6f6OL7hHdU2niu1Fi2aQXvLdjk7n5a8eHmlg==,07-07-2022,04-07-2032,Gibraltar
6.33826E+11,Jennifer Hill,02-11-1960,gAAAAABn5CE3Jo9Mj0n4JUarP6SyVARiJsFlToTF0ZSqSwxidNS1WAdQTXJdyCa6tmQ7YOxU-4XStVwX_3yVIBWityd_wnarHQ==,22-10-2019,19-10-2029,Kuwait
6.21119E+11,Dr. Gary Steele,05-02-1955,gAAAAABn5CE3xlpQo3VXpb8ZYCgjqKnqV0MtSP3Fh3EMS2ErorbQayaR_ph1f-rHcHs7sjHVmaHxMYILxHhFCROp8iqlwctYXw==,18-03-2018,15-03-2028,Timor-Leste
9.3053E+11,Samantha Arnold,14-10-1968,gAAAAABn5CE3rCd9jKwk17COBh20uLjY5aurhzu5Vb0oa8Unl56yQ7jlthUxT7NOWsO2ScMz0j-U-Q3tKkaA1tgc5fFtRfmYqQ==,07-10-2017,05-10-2027,Azerbaijan
4.65766E+11,Michael Robinson,27-06-1987,gAAAAABn5CE3UQnXQRazqp-cBYosCU7DDYDfNjwZG9QQvNti3PNvJqBN1h9BMPpWHTaXcKMYna4H3dbyfB5gbOMhFNwIowQAcA==,12-02-2017,10-02-2027,Falkland Islands (Malvinas)
2.06771E+11,David Schwartz,13-02-1972,gAAAAABn5CE3764SYNZnDo3mo-Wozjp33cubxGMZHqUHZYxu892YhcHmuu0VdObXYbGodJpwsKl3TAkAaMycYrDnzk6WbUAhDw==,03-06-2015,31-05-2025,Azerbaijan
4.08882E+11,Diana Morales,28-01-1991,gAAAAABn5CE3Idzy8ROkTz-vOtTVjlJzneK7_kPchKjEB6ha7ufHdE8l0X7RwOsOCF28t0f8tM6ib4AUY7YeWYk4l6Acd205cw==,24-07-2023,21-07-2033,Cote d'Ivoire
1.53179E+11,Patrick Flores,18-07-1955,gAAAAABn5CE3WNXjNdyrAMVpQEBXCtaYNiqbwIhCxxhecMObN16V1HzrudvCEK2bsqb1yNqEuJQSS9ejfZNbi7EnK7TjOmvCEA==,14-03-2022,11-03-2032,Albania
5.03035E+11,Timothy Bond,15-08-1965,gAAAAABn5CE32W3AQxinCgHz_j9iOwYke-ZOKi2gd9-TciR7dm4sDoeqgLfx3LQAjASS2QlSAue3x61_Bbm5kAJkC_B6cHEvfw==,29-04-2023,26-04-2033,Luxembourg
4.46458E+11,Jesus Montgomery,24-04-1971,gAAAAABn5CE33RPovTbQsD5Uvzwb9RBz9Q1ajzYvlpGfsa4v003FlNW2DPpqXVw5hWY4flsh6bjLwOZ0a9ckg4OSNw-qGFRcng==,16-02-2016,13-02-2026,Montenegro
9.50751E+11,Edward Hall,09-08-1996,gAAAAABn5CE37kyGL1tN2XcZa1egxYSDd0uW3dS3fiJ8P1ghNvcyjWpApmydHHm5Yjyym648hyKg4BW3Lb3wxKeV-Ya__9mTEQ==,12-05-2020,10-05-2030,South Georgia and the South Sandwich Islands
9.35544E+11,Todd Olson,12-08-2001,gAAAAABn5CE3x6TqwVucrEMYJbtfxG9r-nqQ_KMcGCCzATSLAYW5bLBppENbIXHwjM7NqjBvktbY8TwZ54NRV5hS-v9E2JLGug==,29-08-2020,27-08-2030,Mozambique
3.65809E+11,Angel Henry,29-06-1952,gAAAAABn5CE3n3Ts6InheU5_BL2EDrK4ovHHEj5MPOylS2pzgW9xMvcidOO6xa2WiiCNSKb1p_0c8v2fxwOv-4K93mVz_1TohQ==,20-07-2020,18-07-2030,Hong Kong
5.90357E+11,Joseph Harvey,30-07-1954,gAAAAABn5CE3JqKHw33U225zd0-qHgyd5OxSFodOAfkf6QKwBhgPWRvdJKa7YPe8RjdI91I4YElWzb4E_0pud8AFQ4kqsy1pIQ==,18-03-2017,16-03-2027,Bahamas
8.61193E+11,Drew Robertson,26-07-1990,gAAAAABn5CE3HUYVkxJtJb3ySOwLXuQ0C8P7wq1liWzq_-3snvAOgzJhmNMsr--E3CWjviDS5qTNXcJkVUAFdEr2Dan6owLAbw==,31-03-2022,28-03-2032,Georgia
9.48701E+11,Isaac Williams,23-10-1950,gAAAAABn5CE3HFETYw_QFNIsMiCQsdPcPHL2ntrXCDeAIbRY0ozQLdqC_z0tav-fzCBnHQXN0FemFcfR2Ep70amE9QeYGb_dDQ==,22-11-2016,20-11-2026,Guyana
9.5751E+11,Diane Nicholson,10-10-1977,gAAAAABn5CE3DsyyoecdBbFd5W53N2mTWatOBzN5I-Gm_QjyXboXnQfWudr9G0VhUGYy-1KPpL3-pRAR9CP1RPw7_868diq7eQ==,26-04-2022,23-04-2032,Seychelles
3.54889E+11,Tammy Day,25-10-1959,gAAAAABn5CE3XgyuJTKRf7qx2kwwxXN03L7qdAF8O-3Uq2ElY1a0uEGSfMkm6KL-0ZrjNJ-ySlHWfxG68tCGL4G8DzYt0nFSGw==,01-10-2020,29-09-2030,Solomon Islands
8.97156E+11,Herbert Nelson,29-05-1957,gAAAAABn5CE3r65uT-dMxo91BnSaTZCRe6U7jC6fYHU0RN_LOn1OY0dGU8htSeWYGmSAP0yPFYHXIL-W0iMEJhXOAoApGFfMjg==,07-03-2023,04-03-2033,Malta
8.34609E+11,Ann Nelson,05-11-1959,gAAAAABn5CE3uKIQB_kuiMKIEmUTzr8ICBGpRaAXPPz6LbKoJttCT4YThO-PCZgkiaI8O2gKI5U3-kZzhzkHTPEDWDA2rAkHIw==,07-05-2015,04-05-2025,Cambodia
2.43555E+11,Elizabeth Christensen,05-08-1960,gAAAAABn5CE35CRtQ-PZX4mA92LpWTynqWFzryee-F8fFtBbllqej0hskVKVGTPKny4NXKmsemgA8TwxwPqmQo8fxQixVglm7g==,20-11-2017,18-11-2027,Holy See (Vatican City State)
5.51803E+11,Brian Rubio,10-10-1963,gAAAAABn5CE3Xh7b1Mx5UQGBcYR0kVACQU0uGZoaX1_SSDzQQph2BHLgGhdYH7cShtb8eCu7ST2O-Sgfw42NwtcndBEvb1aaMQ==,30-09-2018,27-09-2028,Turkey
4.94709E+11,Cody Craig,06-02-1998,gAAAAABn5CE3ulpHiJMAxPd_L4yNthqvC3XzVifZ54J1mBpJ0JA2pMOVG4NbXMNQ5kGZ4RprX0UG1mw610-AKbM-slAetnNMdw==,25-12-2019,22-12-2029,Reunion
4.24669E+11,Victoria Anderson,02-08-1961,gAAAAABn5CE3ah_LzeH53R6Dr4GpZScwV9JXD4g68N8UqHIUT9kmCQpJ_xbqOEkqgG4R9FL1TzYr_KhXxuPlx1MOsUFKym5cEQ==,17-10-2019,14-10-2029,Mali
6.20778E+11,Paige Contreras,15-06-1987,gAAAAABn5CE3XjmwZRtetUTBY_-a0iU9HVZ6WvkFCunnQLudMij_AmyB4hNYqGlX_4SGBJ9VScH9jmjh9z3theSInBTIKp2TYQ==,01-10-2019,28-09-2029,Germany
7.78891E+11,Jose Lee,07-02-1960,gAAAAABn5CE3IqSiGrJYRk2286Ax0tjf3aJGRHiIoquQFfsMxBYEHLukf9mks3TBtY_yiPBWwfzgDECXkbxngU55260_4hWuqw==,20-05-2018,17-05-2028,Pitcairn Islands
7.4651E+11,Monica Gray,02-11-1944,gAAAAABn5CE3KE7x-Bme09hCmmKWgHnqusx08kZb8eP1Hww6L4n6_lVUg3LY58g--sOOoAM-RspwuOfGzS7WTPydga9e2Mo5eg==,29-08-2017,27-08-2027,Sudan
2.93647E+11,Zachary Leonard,06-12-1962,gAAAAABn5CE3SWKKY1jiJV7W6nwz4VZHoNWv99SqtE5pyjoVEARwxZPq-JbIsSTqOcENW_q2NXc6Bz5PyTyOpbNtJbUPuX38Ew==,06-03-2019,03-03-2029,Albania
7.74713E+11,Alan Joseph,18-10-1959,gAAAAABn5CE3Toq4SQU7xyMr2P7ZXqlXh5isBXY2oetHh02Jb5ZeRfScKwl1CPFOv4TU0UgBeIrk6iYhSGBe36fglfFMw9K_gw==,03-01-2019,31-12-2028,Saint Vincent and the Grenadines
9.74687E+11,Randy Keith,17-03-1984,gAAAAABn5CE38ObO7xPPxAMf0G7enMXd_A5BdEvwYgQvE2OHeB4BkgY6TXM-3seVwJWj-I5HvJsgjAbNPbu5tf-1tFg4CMu1Pg==,11-08-2022,08-08-2032,Spain
2.43335E+11,Michael Kline,02-10-1988,gAAAAABn5CE3jlX-GlIuoSHkVB1aypUd3x_bzmR9fKd3Xi4a2VrQeyg_Hcmj30hU3y2a0ZagyANR5KeV9oe9zhnhkZJMtHb_Jg==,25-04-2017,23-04-2027,Australia
4.9486E+11,Andrea Smith,15-08-1981,gAAAAABn5CE3H0DaijFV4IwTT9x7_vQQrPLRUBesJTrEhvTF7CMQAsowOC5I3Z070VFGNXSDF-0aiPNrRlxVbiS7CrW_lk61_g==,18-03-2023,15-03-2033,Ukraine
9.14941E+11,Troy Mata,04-08-1995,gAAAAABn5CE3SJlRWA0eUqKuN4c0Boysrf5nQ3ujYSQkGbzDey0OcPUi96cBQ1rXuUnFDzEGHUADmCiZC75sA6aqLkCuQfDtKA==,16-09-2023,13-09-2033,Luxembourg
5.82468E+11,Rebecca Evans,09-10-1972,gAAAAABn5CE3_KHjpYIBeOrkWO98qndBUqrBQQJ7zukTKPUVn4ZmxpMTbEYkmqjCTLCIyhXpp8Ofw6kmbt2gAuBT8XLo_djooA==,19-06-2017,17-06-2027,Martinique
8.21338E+11,Tammy Andersen,26-08-2004,gAAAAABn5CE3cnaVuaCHkfwiSc-jMg_Os2Pi_reeC8mQ3uEwJwe1S_icD9QY4bxEyP9plbTu1GNq6AHa9vcLG4q9FMQmqEpZQQ==,07-04-2018,04-04-2028,Singapore
5.40773E+11,Todd Lawrence,02-09-1974,gAAAAABn5CE3JKt11VW_N_ul27jvSfAoYOaGwjNQu14rYwzlj0THL2xhESb5RFPd19BCMimJwaE0jLwBXIUXRcyIDBQSMzrBXA==,24-06-2017,22-06-2027,Egypt
7.3274E+11,Brian Contreras,22-11-1961,gAAAAABn5CE3HjtveKdYbcxdCCvKtjcaklzXo9BW1ynV12--Pc-RFD-otZxtowK4ezVJjd_sXpY9MPPztagZrJmW_F38pBYdeA==,19-01-2021,17-01-2031,Ghana
2.37937E+11,Jasmine Hardin,16-07-1961,gAAAAABn5CE3Bc6QYy-PFgod1SMukaEqsnaIZSIf2QCM7Q33LMeUhbf9U7wzzuIVW1kl8f_hLpUjHbkAftVmfSYrB-dLVRGaRQ==,24-02-2018,22-02-2028,Sweden
1.07514E+11,William Rodriguez,05-10-1946,gAAAAABn5CE34xKhdZUXI1f8YvIpxVdZSpJbQ_280uWURiNmhPtU-z1iX0gEELQO6pg136L_v-r3xcZ3Y_f_2FLyyuKDEF4SGw==,28-06-2021,26-06-2031,Korea
3.84229E+11,Christopher Harris,06-08-1958,gAAAAABn5CE33_SV5wbzwmqtFutpDAPxWIxPzw7HAwPM6yvxUrMsUmAkeEuxdOkezqjSVJ1PFrvuA9Liv6k-Ig0UplzE4aaI3A==,29-07-2017,27-07-2027,Montserrat
1.64148E+11,Cynthia Bautista,21-10-1967,gAAAAABn5CE3Vim5EOvx0OJjNLPJb-qPKxxOLJO5QLLlyYZxqwsFNLJb_TyZ24MjZ5yu1TrHjTjoM7cu0k2L7ap2UFx5QLwv_w==,03-07-2022,30-06-2032,Belize
1.71106E+11,Megan Lindsey,10-03-1951,gAAAAABn5CE3TSMwCjx_yKkb-je8B8iJoa3ws0FOXBUr9wgLo_czLI0cEeQhmX-Ygtej59TbJktQTmBHuF5qFmeeklxcDf8Fqw==,23-01-2021,21-01-2031,Maldives
4.62803E+11,Robert Barker,06-03-1999,gAAAAABn5CE3xa5XmKIL1CGLnQVF8LSOxfvWQWwBTHZmCLUjeWHX8EN_dcWpl18HvkCQ_ko5lKVQhP6NxGFCWdo9sSX9ygnFyA==,25-10-2019,22-10-2029,Liberia
9.56371E+11,Nathan Calhoun,20-05-1957,gAAAAABn5CE3kf4u1h4bWsHg94DznvSx3zge_QwEwYOw75G_m6E7sicsv53cgebQZgI6OOXNq8LsJqGgCqWUV22W2FawQltTVQ==,13-03-2021,11-03-2031,Taiwan
9.1018E+11,Laura Butler,10-09-1950,gAAAAABn5CE3HXIzPtOkAHfjFC8_X8sCImxmuElHQCHplsKLwGDQyW-CH_WbxFjVM2IW7myidvGUQSWKJU9V-WXyW-t2o6-Sow==,17-08-2021,15-08-2031,Brazil
3.29793E+11,Joseph Sloan,03-04-1981,gAAAAABn5CE3MwOq9dxjdApwkMhzJ6bXHAB7BorUbVGbgBJ4RmJSlBs_lqmOzb3AMqnNP_DnyOxx2kkfUiEYCjAJzTpzu4_M9g==,22-10-2018,19-10-2028,Korea
1.87898E+11,Samantha Wells,05-01-1956,gAAAAABn5CE34OidoljGC2mQqCDiqHS6NRvBSSALgq4uPohZfc9fbXorbvnCMhVkjS75AdIPGB013z_StrXQPPMVzIp8k4pcbg==,23-11-2017,21-11-2027,Dominican Republic
3.27579E+11,Stephanie Cross,14-07-1949,gAAAAABn5CE3h7nRyjjT8-mhk9aTo0T8Nyy_QXOAgcf7oNxdoZOSo718HE_AoNoetfM0O3X6n5eEx8-Afj4nL2tjTb7x2k15pQ==,22-12-2016,20-12-2026,Saint Martin
3.47644E+11,Mrs. Destiny White,15-05-1977,gAAAAABn5CE3VYD5kz9NEKd_yhNdLBB3nLZljgPFrF35QOG4n_EB9ZhnEnyzUfM0QucgCKNsMfsNqQ95BMYcfsxSQNIvdC_Psw==,29-04-2018,26-04-2028,Cuba
1.9248E+11,Meredith Mercado,24-04-1998,gAAAAABn5CE3NwFM8RnjKzxyoMtSA0PRXXgVFd62uhgFDPsIBrhYbSCnhKHxZw6zeKoQrPyjiApYeiSlkt9_LFhdYtlaEPNcbQ==,12-07-2020,10-07-2030,Kazakhstan
2.88528E+11,Abigail Ellis,23-03-1969,gAAAAABn5CE3bRVUYDkmmr0HYvtSfcJzO_ds2Z76aGtvGR2Z07mwyCIuM0n8bILxWH5ARsA7qijFnke2cIyzakNozldVTqzIFg==,10-02-2020,07-02-2030,Malawi
6.18794E+11,Jesse French,28-02-2002,gAAAAABn5CE3uQQy7F1sMU1_dNKoQc20H5ZJgWexHkLsPggNzfrcAVaDgJQzIMn4QVcKbCS0hZflivSMonIYYAafVFwSEf3dfg==,17-12-2023,14-12-2033,Faroe Islands
3.30105E+11,Robert Cunningham,30-09-1956,gAAAAABn5CE3d7ehdI3hMjhUDJwwfAlX-PvHKc63YU8qWE8vVLo8ZkOl3m8sczdnYO709w3I3-509R5MHMGyvtiUkZqhTt9aRA==,21-02-2022,19-02-2032,Cambodia
9.36391E+11,Timothy Rodriguez,24-06-1990,gAAAAABn5CE31TldQnCox0VOYhN_AAeyZOAojj1-z8qf21dVFkrnAL5JBsFkLS3JiUcThnV9FfECX6qemwmPOkgCDZarV2hARw==,13-12-2019,10-12-2029,Jamaica
1.49031E+11,Jill Barnett,03-04-1993,gAAAAABn5CE3NGL7u5K5G8u9EVAx8IDZjs6ifWL7Bu4bYosD4on5d5TaJ2mFyWciaDE5AdUZPxehXgf-BKWWa-FJVzH0kmU1-Q==,28-10-2020,26-10-2030,Argentina
9.55755E+11,Eugene Thompson,25-06-1950,gAAAAABn5CE3e8P5BgqSftA7jgjMAboxUtEnrFy5VWqN4zvam-U0Q-WL7YBvg5vKy9jZwO_vZ9oLFEiJeDBDIzYq8V1ZzZt5Ww==,08-12-2018,05-12-2028,Netherlands Antilles
5.11099E+11,Brittney Roman,02-09-1950,gAAAAABn5CE3oE_i5NxwgEERexHpiFpitM3zYppRuzEkUAFYUuh0VypdK7ssmsLCnOjNrbLSp4PdW66iMPgTZgv48qZUJ9fZyg==,14-03-2019,11-03-2029,Tunisia
7.14642E+11,Linda Robles,24-10-2006,gAAAAABn5CE3inyOdUpjdu97-I8FzLhW-QNCm_e0e0yjjhuAInU2bIF_kfD1n-IvGtzj4a4IWHeKjnX0_md9EWnVQgkRq3IlrA==,24-10-2021,22-10-2031,Ethiopia
3.32189E+11,Benjamin Mcneil,04-01-2003,gAAAAABn5CE3O9ZkDpt5SnkTA66-Ik2Yzfd8HYGpDrMFvQqoMY2Qn-hsskwf1sYVkEU-uhixi3XNhACkb_N5UexeqnXd9LKbNQ==,20-01-2023,17-01-2033,Malta
9.22085E+11,Paula Lang,22-05-1989,gAAAAABn5CE3EYbO7oautzINYOdz-23PMrCmNhNz0V45TXtNX8XggG40WSZHuMv_2nmgW5RbpYXhNhEeLRQnVPStT5GN36ucjA==,19-01-2022,17-01-2032,Greece
5.80916E+11,Jennifer Daniels,24-10-1956,gAAAAABn5CE3nSToHNJjIX6APz7wZixJlELfDqp3-_UYtuOweTmdL-D6FmduFdlyDEUvH_63h0DAYS_WmlQ6o1CuVd7T6L6jWg==,18-03-2021,16-03-2031,Pakistan
4.74488E+11,Tony Collins,25-06-1986,gAAAAABn5CE3A5GCUZrlqLKDUO4OIxjIUnwapLDmQ9IoFqaf94M9W53udDTtPHJPDbtpIJ2KXti0ewpDrKJyE8XIinanvLn-ig==,18-03-2020,16-03-2030,Cuba
8.99621E+11,Matthew Black,30-09-1969,gAAAAABn5CE3iGH7WP8IlNVEx9xAEEnH67XKZLtAb4asiC2UXxItCAqNTM2OWRnY5lFBNzxcoTa2NEFKeHrfB-5JO0TM_3w4kw==,23-11-2019,20-11-2029,Pitcairn Islands
5.83118E+11,Mackenzie Turner,22-10-1997,gAAAAABn5CE3hfONxCfWBDKPQHgm3bg2rpGR5qGh4b5LSr2g2MEx1rtGxKAJrKNKQPFhBnBs21SURyjyubsr3KhjfYjv6vUCQg==,06-01-2024,03-01-2034,Comoros
5.83795E+11,Sarah Bowen,03-11-1983,gAAAAABn5CE3XfbZRwJipGsbfSiLk4tvSt4nnuaT6-4JCWzYziXH7-zsycIhrc24YNBPvieQwb7qTiyPx14IgJbFKGEo2JS2Jw==,21-01-2023,18-01-2033,Vietnam
6.42232E+11,Richard Pham,01-06-1958,gAAAAABn5CE3QFy6kj5DrrgrgfHXHIeNL2kq1xlgqKA0fbZ3sxRBmQmdY14wJoJUSqXe05KnTXq2cGEkp8bv8otokImpNM3KAA==,27-07-2021,25-07-2031,Azerbaijan
2.6618E+11,Kevin Williams,20-04-1960,gAAAAABn5CE3RApyMUVMVME_uTFXIhWP-JhanASbn6VwS3nfVOIcGX7I5Sj6iJQ9eSKFIAQ9HH9FhUVvjC9SPY3357_lkpqoMQ==,06-05-2023,03-05-2033,Syrian Arab Republic
6.76543E+11,Amy Martinez,19-10-1955,gAAAAABn5CE3zS3UQ5LqKblChoHZ0bMTdYsAtsX6rJh5q534QA1Eao3508ELz9WOhM9uMKy5jgHCg2Gk_HluOnf5AWqibzkZjA==,06-08-2020,04-08-2030,Croatia
8.02085E+11,Mark Jones,18-01-1946,gAAAAABn5CE3YGWcK62xD-EO--zVb6gI4eqopakGwNdB_vevgPK8lL9zT-lpOksio4hReIn736u19sw9u0sPN4dcbBDhiyahJg==,08-05-2021,06-05-2031,Central African Republic
6.88987E+11,Nicole Sanders,20-12-1951,gAAAAABn5CE3p7Ucw_HZaKKblYAsUa4O82UfufAzy529akWGREzIepyMoU9UO807EF1aPrBBWox_mMhMdHEjr-MIQcZibGwBRg==,30-12-2020,28-12-2030,Montenegro
8.48761E+11,Christina Morales,08-06-1990,gAAAAABn5CE3wxxnlADbTrdQlFMAPKwkPKqVQ-BfF7FrllNLYrSxvM7RsIultoC2wUrTdABe0MmqBgqdEt-gSivJCwmGRaQ8fQ==,16-04-2018,13-04-2028,Guinea-Bissau
9.5201E+11,Kathryn Cox,18-04-1982,gAAAAABn5CE3UVRZQE71m_I5hbijp_4VdyElFgTzfF1ySk5iBcr6hCJPNivGD6b9QWfnzBD61FtJw2GeNykoSIW5GW81eoct1Q==,08-07-2020,06-07-2030,Iraq
2.15843E+11,Kristina Davis,05-08-1975,gAAAAABn5CE3rt64jBD3fhOp1vWvPiYfga1bH0QPRIpfwoQKlU7m_kCwzzvWhuYX1DTUBQ0rR1JJXqu_STFBXgDzFkJNiD9BtA==,21-11-2018,18-11-2028,Seychelles
5.0239E+11,Nicole Gonzalez,24-12-1978,gAAAAABn5CE3Taf62pE_oK_og7cx6uTBK0I0mhRqf4EctBakz0MaCAfqwPWj9kFnWjNsmvoqIv253Czm1pauNCyDCHLgPTqd_Q==,09-04-2018,06-04-2028,Belgium
9.48078E+11,Andrew Cook,25-07-1955,gAAAAABn5CE3n5eEWc-6EfXZFetMK4bNOsPWVuMbkEhfgb6YCbf_DCXjfFwJIXoLZuP3af7PZTZRtQgNJhuq2FiL_yERN8sYOw==,25-07-2019,22-07-2029,Wallis and Futuna
9.00308E+11,Stephen Crawford,16-06-2003,gAAAAABn5CE3HsZTOt7KU-w9r1esmhGqXCPfbPdRG-uivLxTO_Dtp5n6Nw6vb-REb-9xXM_0CNaztJYI9vPV6rs4ZQTFlCqKog==,08-12-2020,06-12-2030,Macedonia
5.1984E+11,Karen Salas,30-06-1950,gAAAAABn5CE3GIm2w1OvL8lXn7FybkEV26pnpZhmdoJ7zfLCVF9_MYHMFol9TU9Lac8yFbaD6N6GbysGlojQlCDR9IuyKfPUwA==,09-04-2018,06-04-2028,Zambia
9.33141E+11,Jason Simmons,13-04-1948,gAAAAABn5CE3xePZORD3elAufH_YO5vGbk05poCS7jod8jw39t-0FFUs-8Wte1-aVYyCIdmac_sywqHFWl4qm6IMr2V4prEdpg==,12-12-2015,09-12-2025,Myanmar
5.64968E+11,Megan Phillips,01-02-1987,gAAAAABn5CE3zLGayR1MNAhOxhVSWRhUPWA8qm5Hi5Dp0XJcyxgvdirgAfmd-AiOU7UH7TwwUQAGpg1PGvcjvFEWLWDiOXclAg==,16-07-2023,13-07-2033,Paraguay
6.52683E+11,James Norris,30-03-1992,gAAAAABn5CE3x0mtpMwjFjDwFgXHgxz-tsHoxhUNRZrACn9pR6uQmrMaFSnIpujWcNxfELG5CzQ6jjCFA1KJm1J6xJfpsIv30A==,26-07-2022,23-07-2032,Netherlands
7.05131E+11,Jenny Cooper,23-09-1971,gAAAAABn5CE3PP8E4t5lZz0QvKIet8WU0YY-UWPc3DIGoLG7Y6oAZzHMuseeHlEabH6bwLV100kjBubXjb-srB0vzmxhklrgbw==,03-03-2018,29-02-2028,Qatar
2.21293E+11,Joseph Weiss,16-11-1986,gAAAAABn5CE3r0n_VWF9GIVZoy95NTcwV5WfCp0QLipRrR0YdZl8SXer-S8NuQ6uhVcmm1SMoMvUVlAl-f6mycs7yad3k4Kedg==,12-09-2022,09-09-2032,Australia
8.5777E+11,Kaitlyn Liu,27-03-1987,gAAAAABn5CE3Z5GSe0CxBRdSqhZ7q4jm2tpbxM9-AE23t8EmbfeS4a9LZS7t0XHzE4cbXpVa8FxlPBtpx1du_5WGMYpL7DJBBw==,16-04-2022,13-04-2032,Congo
5.91595E+11,Allison Sullivan,10-08-1948,gAAAAABn5CE3J7bCgmJDHTVTdC0cAW8aPyc6odUuHWFAOREcf6ttqFtqWqAO5mmdkiew6qpVegrMuhYoPdcyX4DQHGYEp41TXw==,08-12-2017,06-12-2027,Puerto Rico
5.39933E+11,Alexander Jefferson,12-10-1976,gAAAAABn5CE3n7Nu4QMLrr34ViE3KYBmHIbM8FYY_St5M6NPFxm8w0aYcQ7iLoYep7F2vCg-g_xg9hNiO9GuntAROjGhj4S0sA==,29-01-2016,26-01-2026,Zambia
8.04542E+11,David Collier,12-05-1954,gAAAAABn5CE3GAJChgF-SUo0o5M2fxzEMDGZ90sN7B2j5B4pSfe34L3GkWt3Dvc9re4U6BusffPkFmTe03oeLz9o-cqx6VU0Hg==,20-05-2022,17-05-2032,Israel
1.50018E+11,Deborah Garcia,17-11-1952,gAAAAABn5CE3jNQhcYYUk0jBre2xCFz6TWR9M0bU7H65WDOD9nmc66Ja_iR8lMegZZpkmZ5171LzQ4zjYnaYGrJexa0UYwtTnw==,27-07-2020,25-07-2030,Indonesia
5.35038E+11,Douglas Rivers,05-11-1984,gAAAAABn5CE3AYiGzInN3uff8ISMYM3DWN1C0lP6SgCWcZnGcJkuQNh-LcfcfyWfuZayhZtwnmfRwgyMBM4dChSaukNNUgNu3Q==,27-12-2018,24-12-2028,Namibia
4.48029E+11,Robyn Taylor,03-03-2002,gAAAAABn5CE3PTuOheotBu-yYLHvTqJPSrS0J1wi1oQktud__JudkJ0saWMk86Zhwwj_VYJTxioTPZK3rO1V7MufwscHYOIh5g==,19-07-2020,17-07-2030,Greece
2.35543E+11,Jon Marquez DVM,01-09-1974,gAAAAABn5CE3P5wbw-ESmP3Pm5KZJoBPBKCpoDbPRdhIcsuoX8YjJcWItcrKpC7rQYzoRuIfB3YWH0H6ai1bRL1JOOWVm3SWXw==,26-08-2020,24-08-2030,Oman
6.10352E+11,Lindsey Gill,20-06-1969,gAAAAABn5CE3Id_eq0MC9Y6ZOhVMWvUsECMwdxTVnhRZA6wp2o_ASNJ_bG581SC1jfITXwvJLz7s6GVvvGwG9rGqOr9hsFg8JQ==,14-09-2017,12-09-2027,Algeria
8.0504E+11,Felicia Harris,28-02-1979,gAAAAABn5CE3zRomQYor1iB_2MN30A2zDdpoqQtYkG4BfvsclHQ2ak6oZXRH_KcpQGld_AzBmOkoG6nLgPx6EUzhNdS0jcAR9A==,26-03-2015,23-03-2025,Estonia
4.35077E+11,Brittany Brooks,02-12-1994,gAAAAABn5CE3GVkMJT-vphbGkB0lbS2WCi8iVjSV9CHRR5R68b7nEl1oZH4EUStjg0ykaTGXTcrDGUp9FFNherk_VhNv4cibmg==,05-08-2022,02-08-2032,Grenada
8.61542E+11,Nicole Khan,12-02-1962,gAAAAABn5CE37UEKhkXQKhOX4vQcTdFl4W-KPUplARF3eY8Yt5M7fCodAqcTHuNrg2mFD5gIGUPFKjwL1-Ik0oBnhMMPLR6C_g==,25-09-2018,22-09-2028,Wallis and Futuna
4.54655E+11,Matthew Jennings,22-10-1966,gAAAAABn5CE3UvI7vrw_-9ORShaHgpT-ymGd1ZB7FAw7D_H7MYt6Bwq6yMKVnG3bShQcWY_9iO7jO4BfYvkJL6nu-O9Af5FFqw==,30-07-2015,27-07-2025,Holy See (Vatican City State)
6.86436E+11,Brianna Powell,05-12-1990,gAAAAABn5CE3jje9rjWHI2deO2k9jaGmePpCVRrzusjRJ1N1NYr5jzwzYcc-W4sAbNzTkJk0l4VXsh7z_jElyfD73oF_zD7hjQ==,27-01-2022,25-01-2032,Lebanon
5.83775E+11,Joseph Jackson,17-05-1998,gAAAAABn5CE3cpbXyaTGKSIaUYVfWsF_fSVi6wjRLB5RwaoANuWTg_5kouJQEhaLQEl3Enrav9flK2MG0qXPclvdQcflimp2Bw==,24-01-2016,21-01-2026,Anguilla
2.88985E+11,Michael Grant,18-01-1948,gAAAAABn5CE31WB6vHA1G9KmAEu0AKiJdhV7rq9zoXri_UU4mqylKEp7-ICchQnDWQ6_tf-Sbb3KEFXu9H39aUtltVlOex4Ynw==,13-08-2018,10-08-2028,Micronesia
9.51575E+11,Timothy Saunders,22-08-1991,gAAAAABn5CE3nRL77j6uGXJwtW6VQc0o2PbfH8CoCUmWx86EER3PKEipoB5eNDHta4iuXtJd92XPxcZjweKNAAzn8yo6Ozx3vg==,29-03-2015,26-03-2025,Egypt
8.70848E+11,Diana Jones,02-06-1955,gAAAAABn5CE3gNqYM3-t8GVoaXgZ0ZugSnxOU-8RmLOTr5NMryrOwl7yJ2Py42TLmPyug4JKJrfqUzEwrEdBt8jnkL9M5KBkDw==,15-08-2018,12-08-2028,Iran
8.58499E+11,Tabitha Wise,03-10-1995,gAAAAABn5CE3LMMjSNgWumpRmHWqEg5WzpEFjlCEUXHG5yVjgPV-e0e9F599aS-RjMPFmQ193OvK7fj0NWaw1dCDtcRblRdX1g==,26-11-2017,24-11-2027,Czech Republic
3.32697E+11,Amanda Smith,05-11-1960,gAAAAABn5CE3GtmFxTPsOoilEE5_2EjIkixlWP6PdrpBmXogWbqco2s22qUzzUfMm8zEGLF7p_tdHMYyskIjQytxFUD1hBvBYQ==,18-09-2021,16-09-2031,Burkina Faso
3.52821E+11,Jonathan Roberts,07-09-1986,gAAAAABn5CE3C7zmsfV_0GEehhWlDwCIDjkwbg_M0mFaHxf0LD0bx4i0C54jbuVxNZHTzDmakkbxTgJ4XY33KPB7sqfliNR2Lg==,31-12-2017,29-12-2027,Saudi Arabia
8.45663E+11,Jessica Allen,22-09-1950,gAAAAABn5CE3_vQdCv01VFrhwfy1cRsspFr3KVNnU1XfXDcKKqq_zELX-WJjxohv5Eo5S5F040LkTyGfohtyuawgUC4dAtIX1w==,02-04-2016,31-03-2026,Bolivia
1.66119E+11,Drew Stafford,28-07-1959,gAAAAABn5CE3WNDCdYJZQ53ntCPw3GTdlDtOaJbXSJBkDOOlfhIKpJQB_7g-keyxXY9zJyfJNK-BwezttksLb9KlEZN-YHrz-A==,12-09-2018,09-09-2028,Tunisia
3.41085E+11,Hannah Cox,27-09-1946,gAAAAABn5CE3FnpyLkbF29GZbncbNLjC62FZyjh3FPMGc_19QBhVODKLwOKmRy3CtLGpSspBldaMZ6rgbmD48bIEsIZUT3M23g==,02-05-2019,29-04-2029,Turkmenistan
3.07952E+11,Jeremy Sharp,09-07-1951,gAAAAABn5CE3JV0-AjuAPoIIzHKEIxy9gqsRB51lSUfnOQqvTaBWd8wYpBREIQYtZSalF2Rt78kfZ7ZF1C2La5ioTBPqv-ETSA==,10-04-2018,07-04-2028,Monaco
1.99196E+11,Abigail Brown,27-04-1964,gAAAAABn5CE3kYbZ0WDWfRQXzO4kNNwCQMKa0OalgiDz0SOXTM3shklNQN0lFxDFiK26-3ijPpHIAa9QXTm89OMfFvjT9kUOPw==,13-06-2018,10-06-2028,Trinidad and Tobago
6.67681E+11,Brian Harris,17-04-1988,gAAAAABn5CE3e6PRAWrfGGPR6i9cf47dExIl6kvg1A3N0bdQjj2_y-_S54fbpZwOuiQ5Aozrfm1ugzACXz5m7-QDecUeC-H2rA==,06-04-2019,03-04-2029,Kiribati
6.67333E+11,Audrey Turner,24-05-1958,gAAAAABn5CE3_YW8HePldQ5g_MuRvdLvY6n6kgx5VFQKl3gNd0Iya3MsyQh1sCuy3f-8XLVQtrp3zq5ZwtA_SXQJSqsMXUxD3A==,29-06-2019,26-06-2029,Saint Martin
1.46942E+11,Amy Hughes,07-01-1984,gAAAAABn5CE3saAkBk4Ezs43RSFOrpVj97SEwOiqGwdMJmIZcn7cjqZtYcOQH0jAezYbhMA6Yy4RPBn7I2e4NEt0v_3OJIzF2w==,13-10-2016,11-10-2026,Egypt
8.30712E+11,William Weaver,08-06-2006,gAAAAABn5CE3HRBGrNt2H-ktPgw_73Q7d36fPJeCAob3MU-Evfro6Ng5hOhOrbqBWdiXcCXbBXPdIeMievdENHeL7BhLTpwOSQ==,26-04-2019,23-04-2029,Lithuania
8.3488E+11,Alan Carr,17-06-1948,gAAAAABn5CE3xz9NwlfUDkvrljOq3AZAs4oQgBLhSW3zuJBSVitVpnLCvprybH_NmtCwpZFRb6RNkTj9BPgVRqy8WiPVGXA4SQ==,29-02-2024,26-02-2034,Liberia
2.06258E+11,Jessica Russell,15-05-1959,gAAAAABn5CE3l6q0o7UbzZPtH6Eab5NC8YxMDY2-pm3Rkx_9Ueehu-r-yJNhhYLuKn-_QVrxdUjlQ9st3dzWDVEwZl2_QVb4jQ==,21-03-2018,18-03-2028,Croatia
8.40965E+11,William Simmons,17-07-1967,gAAAAABn5CE3OBk0sQ2YFrsal7NlKG0JhCnEmZ3CNDF-USltNwVBF9qIFnQTrt04FUQRTILNfnfqZjLZD46_vHiE-v7xXjKwcw==,11-10-2019,08-10-2029,Saint Pierre and Miquelon
6.80905E+11,Sharon Jones,09-08-1952,gAAAAABn5CE3W72SF78ls4d7NT9kiqi0-CN41cRxOFktNZ4HwQ0Komtb7tTJVP59fgicfCaa-E6ciTFz7DW4E9hcfBI0Bp_8Ug==,24-12-2019,21-12-2029,Comoros
3.90016E+11,Sara Cameron,21-08-1953,gAAAAABn5CE3fWvaaWJprR23wSzOrSMwWqz46okTk-GLLUXkg4DDW7HJWbpHf0yXDu8TCo0y2WW3Ey4OFbW9NCHdkQydbC_oSw==,27-10-2022,24-10-2032,Serbia
1.31095E+11,Keith Johnson,27-11-1976,gAAAAABn5CE385XCMTd1OdK_XVvYKobX1pK1v3FjZzjPl17za3I4BYgi7bvvF106PfBqGLGk6QmD1GMsTf0g9DAzgRG6XVSxGQ==,01-01-2024,29-12-2033,Hong Kong
9.79243E+11,Danielle Washington,06-05-1972,gAAAAABn5CE30bxsGYygKKSod_G516Pt9602ZVTPMHWDm46oDVccs9R8Sn04dQB0UFBu0J6-0YpsnRYpdUkt5nVfmz4RcCMN1Q==,01-09-2018,29-08-2028,Saint Vincent and the Grenadines
3.60691E+11,Andrew Mcdonald,17-08-1998,gAAAAABn5CE3KuUB1tWTt8YmGDPr2rrF8mDnwG-X8Ajj64gXfXMhQQNECKVfjKPlu9tfAbqwmHPnYThNoVPovTO_UaJC82McpQ==,19-02-2018,17-02-2028,Northern Mariana Islands
7.6208E+11,Jim Young,10-05-1990,gAAAAABn5CE3AbNPaSu4eJGkkKNufQwldoNMFTqmQT3ocZK4icQCMI3oLQAkj8NnxJFroB50qKeie__4vawqNn4DGYek4FLR4g==,21-09-2015,18-09-2025,Bulgaria
9.00734E+11,Jill Kelly MD,20-03-1988,gAAAAABn5CE3Y2X1scj7xNHwPM2cDVAlYoggCGYiFJsu3k1XTxGNaYKO02dxyFDXckzfX1O3Ptx9UQ0ISN0M6bHAFn8hBlgkZg==,02-07-2015,29-06-2025,New Zealand
3.60889E+11,John Hooper,19-04-1948,gAAAAABn5CE3-RdijTXclER64OyZ-zfiKPPcziY3KgDJ02WKzQmZl2k0rrc93wjPfd2e31CpJVBtrQBcbYlBqRjHqnj6VucehQ==,21-01-2020,18-01-2030,Netherlands
3.51964E+11,Angelica Diaz,12-11-1980,gAAAAABn5CE3JsMdM6fKYDXIfDVYbfLyyZ4wNZzVxPDY03nM-HCkK-mSJqxLXIB52MIKMfgNO2Brkwe2IqYVNCwJE8Y94O3XHw==,08-11-2020,06-11-2030,Czech Republic
4.9079E+11,Brandy Oliver,17-09-1947,gAAAAABn5CE38g9a0WMjoBVesQtTyYbfCRTZNms9o0hy12pLzkh7s3WY7Om8WemHlEfWkxBy0FK7gzOp61EPxOMeR-vYLCklMw==,21-01-2019,18-01-2029,China
6.46054E+11,Jamie Lawrence,26-10-1963,gAAAAABn5CE34lmouwhr8_wBJKuT7lDp2ooQ0pXwibClfZExZiMV0eX-ANr3MHFFZ_tfzhO8Gl1hX0ngpsvDNr6uOWcMtkXrHg==,27-07-2021,25-07-2031,Costa Rica
3.74536E+11,Sandra Gray DDS,07-06-1945,gAAAAABn5CE3GFnoD3OmSollsST7JgX1igZOVG4FbKYlxNQjGIplV214N4qcwlN5_lbROvqFGN-a8ocsaGN6lXSjZW-upauOAw==,17-09-2022,14-09-2032,Syrian Arab Republic
8.47641E+11,Thomas Cooper,29-08-1988,gAAAAABn5CE3eig2OybSjKaqQW10ehQ9J5NwcBlyDSKkbtkSsOo7bCrzPxdBw7dZWNvHLyGl82iiqoqpxxTqJshVXXMAiPL33g==,08-12-2019,05-12-2029,Finland
4.48432E+11,Christopher Snyder,09-05-1994,gAAAAABn5CE36XsZLa6CrKli7CmoulQz05qj9IzVvGJWWOeh5WTGbMkkPIeybpHbI4SwssyxFvVImZtuCc5ILqxKoMoMEbP1hg==,04-12-2019,01-12-2029,Micronesia
9.18885E+11,Nathan Hughes,12-06-1976,gAAAAABn5CE3jekzmpQFDmPUU2VefNfI8f0v3BtDspmC_y11wXElWXoeSy5r8Su35nd-Y_p49rooiRXGngTCYz86EahZHS8U-Q==,13-01-2021,11-01-2031,Guinea
6.27123E+11,Justin Rodriguez,10-07-1992,gAAAAABn5CE3UZXoC7OhI5rerq43e78mazaoy4JqKJvCd_wUfHm1E4Xkj62eLyNTlYMYpoYzHNAo5KKL1QKGDoHNt6rXwUIOVg==,26-01-2018,24-01-2028,Ukraine
9.96231E+11,Erin Steele,11-02-1986,gAAAAABn5CE3lknh9bK00zK9WnmNY98Aj34FHqdGdLW0iRE6EYjrwMdjJC6UjHtSmd3IDM3aikdhImo8xUv7AObRGwmlT8x9-Q==,03-01-2020,31-12-2029,Norway
7.98631E+11,Rachel Weaver,02-02-1972,gAAAAABn5CE38CTrf3kCmqmrgcUhgq42vS7lbvB49Izt2LClrg6iIZdCMCpOWOvgbU90SpLPbPwgNVODMd2GHx0s4gRyn3XQUQ==,14-12-2015,11-12-2025,Morocco
5.22249E+11,Donna Brown,26-05-1949,gAAAAABn5CE35P49Xj6-ifynunjvydoGsqX9uWxTpuFBDg2QI3OJzg2vsOujPijILMmI8iU9wULQ4MXG3fr6avDcFTrSl2dfew==,25-09-2022,22-09-2032,Congo
5.16174E+11,Samuel Cain,26-12-1984,gAAAAABn5CE3rQ1FaErdCvBt4wZa90YPJWYSutAS49UOgbFgo3EbCdBz-KFttBpP_t5W-MOzSjpzmDinNyVdOqaPv3AhS-K4bw==,06-01-2020,03-01-2030,Tunisia
4.53957E+11,Yvonne King,16-10-1984,gAAAAABn5CE3Nrx9g0IhJrP05NTRLvrRgTQDVsejwpRA6y3tcjbkq-Bn9ocCyWy1Wea5hqx5GeK1vVejtVSJbF9nN9oRfyS07Q==,27-05-2016,25-05-2026,Ireland
7.05027E+11,James Acevedo,24-09-1968,gAAAAABn5CE36a7lg5Z2BrHVbF2Jlh9nQk_yIeGezm_sxUKHja82_EHA0Qp3dbfeNU0g3V4qIjK94vQGTiMz5YXnOEDGMMZqcQ==,10-10-2020,08-10-2030,Madagascar
2.78213E+11,Tasha Harrison,09-12-2003,gAAAAABn5CE3o2DXifuHWtvVJsjGARAYxYen_CPPwXqo4a4Ulmw1bPsJV-6G8g89mFukKFQQ0jEwrU1DB3_udsrSyfDimEvkYQ==,14-10-2022,11-10-2032,Tanzania
4.62669E+11,Patrick Gomez,25-06-1970,gAAAAABn5CE3VrY9kQ2oyElvrJjbslwkTBZR0d08IKIpisKBwctpZyBUGOcORBXJNxhqvhFtEwL-yuIKeIk1oWF-uGk9Jcjx0Q==,30-03-2023,27-03-2033,Myanmar
1.02303E+11,Christopher Hodges,19-11-1997,gAAAAABn5CE3y9Z8XTcB3RTq6vLUu_7zD9xHTLcL84A0zbiZ4bWG0490teYEeiD88hus3VGVnKK01MNvhuue1rGX0NfOlTejDQ==,12-12-2021,10-12-2031,Bulgaria
7.60808E+11,Ana Schmidt,20-03-1984,gAAAAABn5CE3zCzbfytJplmaGA32PO7AM1mEbsdpDxXVt85TTgCIFzHUKmo5aBLz49y0K9t_22cdHCjhWI7SUf1orysQJQcN7g==,15-07-2015,12-07-2025,Zimbabwe
3.61386E+11,Christopher Brown,03-12-1973,gAAAAABn5CE3EhE-AVWS3CL02G5UaMFP02W9tuenvmlrVypYyiwc-a7PmaShnW7KRLP1EJKzpY6E4igeohdklIO74T0bQdaqaw==,17-09-2019,14-09-2029,Bosnia and Herzegovina
3.33728E+11,Teresa Holloway,23-07-1991,gAAAAABn5CE34wySW1ef9SMDp_adLXFxfuPcuQz72D5NlZtGGD3dH-NnxeDAWT5h8JF4DNIrHvHoYcV9wVSm8j1aYknL6_TbFg==,09-03-2022,06-03-2032,Bouvet Island (Bouvetoya)
5.68857E+11,John Moore,31-01-1947,gAAAAABn5CE3w1goozui_mXl_sdBvx6uwMKxa6lF0hnK880CpgDUKeEsceo2Fxu3M3fYggB1qBY5KAcpWkzJXPZlq7VyRe97oQ==,11-02-2023,08-02-2033,Poland
6.63379E+11,Lori Woodward,27-11-1954,gAAAAABn5CE3R1i1k1-OfB55Euw03UwFQ0b2U0cRwntRG3zEB_0G_ADyQWv9aOQ1PDB8gu5-6kFmD6HQKzxbdoPXbRy290YiUQ==,06-02-2019,03-02-2029,Denmark
4.62198E+11,Jennifer Sweeney,08-05-1988,gAAAAABn5CE3kon9vbj2qijokk6BnqSAajvi-jZdCxciWNI2_z1x2qO-280ZZ_ZhbONUtpo4w4IKi0vzgPMeD3bAu4AsJPPn1w==,23-03-2018,20-03-2028,Slovenia
6.91153E+11,Jerry Waters,21-08-1944,gAAAAABn5CE3kU_PPEDUPDHw8Pf5dQIiFHSWuysKwwNFWvHt9wbb8zB2cHz_5uiJvxiD4j8GrdsrXf9Cg1Ojm87G1KiWCr_MYw==,12-02-2017,10-02-2027,Norfolk Island
2.86779E+11,Rachel Mejia,08-07-1979,gAAAAABn5CE3hNhff7F6mozVOIauzBxHG8m_STceU45EFV3KRH_5YX3VbXXBSYnnTgVjEDVvnhAe_Rt9afExKLhnnwnbDBTPng==,18-05-2022,15-05-2032,Norway
2.53617E+11,Luke Wu,14-10-1968,gAAAAABn5CE3-yVhAHp_lG0BUKlj-Bexe9aKJ_lJwbscfFwixjdNnTaFvB_9Bjul2Ypv4egPfpAywRFYAg5eXl_CS5f29btpgQ==,11-11-2017,09-11-2027,Lesotho
2.38355E+11,Karen Sutton,12-09-2000,gAAAAABn5CE3kQsxvQ5bnTZUU_vujxPpOmL1xlP18y_GNBbu5uWk0izGmjUC86LXm6uKU5GOfGB5lsvst_dyHu3-OeS989RiBg==,06-09-2020,04-09-2030,Senegal
1.96031E+11,Luis Norman,20-09-1999,gAAAAABn5CE3BS7g529ocxCT9W07YaB2prFtzL3c6QNAzv6F6rtfJUritQP8jerdjXclTj7fDKewhuoITUMPywkEWn-yXjw81Q==,18-07-2022,15-07-2032,French Southern Territories
6.67708E+11,Erik Dougherty,01-09-1990,gAAAAABn5CE3ZfuE3kwkQqipXFi7Mq_UXysy2hAl8L5E6Ung10k0qMtBlbgQUsJYO8J67v4sxOPM7g_F3TpqUXkB4Y8uCmguRQ==,07-07-2020,05-07-2030,Antigua and Barbuda
2.53651E+11,Brittany Anderson,25-07-1971,gAAAAABn5CE3CYnlzKNXDYZMtRr84anKTO8T_daT3Yx4y8E51IfaaT7No8GCtlO9P7fTS29H_tcCIUuUlGlZuMfXuUA14vjrtA==,08-09-2023,05-09-2033,Guinea
3.95915E+11,Curtis Rogers,22-12-1987,gAAAAABn5CE3KvDdARdZwUHuo6sQK9FZ9Vy20A2dRgxxnL690DPCVuFo_OTp7dJ-3unAcyv02vjnkiBYVzvie6tIt-LBp_iPCQ==,08-05-2017,06-05-2027,Algeria
1.81712E+11,Margaret Jones,17-04-1950,gAAAAABn5CE3inHIrio8HwOZuIAvwwIVojTRlDkJH84LVc0S8UVmqGKp5fflZKJDZCzAvb4lVyDA4hpsW2qMVDkHMK-bfwoFFw==,26-09-2021,24-09-2031,Mauritius
9.22765E+11,Priscilla Smith,05-01-1983,gAAAAABn5CE3jCgXnTMNtaD0EDrUvyPio9QcoZDJt9YnTc4pITNyy_cwvruXsvA5CcSqJtyvc_zNtI3Y7pNavdtqVyQfKGVBCw==,04-03-2021,02-03-2031,Nepal
5.75834E+11,Catherine Gonzalez MD,04-01-1945,gAAAAABn5CE3UkJMLtmijYqpTUe4wodQFCWU8V-78Kbgvx_s4skjh9itFFvKLOpyp7a2_UGlAzz9bJEQsuZLDtpJbV97mqcyOw==,31-01-2016,28-01-2026,Afghanistan
2.54981E+11,Timothy Anderson,04-10-1973,gAAAAABn5CE3BxnHCyk-nBYa3TyMk9yoh3osZ2NUKg0-6GyQ67KdyfynqiCsNTq9-7Dw914t1JM5TDGWgnUYbFco0JUZfqPUYQ==,21-10-2021,19-10-2031,Saint Kitts and Nevis
5.09801E+11,Darrell Patterson,11-02-1969,gAAAAABn5CE3Y_xUTzQuHjKlcHFZ-n2Tj1iTblqkhexZCfbnmzITGbmLSQYAuOQtWn6uNd7nYQDWzIc7Nu4ID98eXQB5i-iO1w==,08-02-2021,06-02-2031,Latvia
7.11015E+11,Lori Carpenter,05-08-1988,gAAAAABn5CE3WB6-X0e5ZlD551bJT4TpegL8LojC669FpqBy3nTpXErh1CXX_1ngp0tItGv8KLSCFl5q8VCeQgiT5c7MpSejTw==,09-04-2016,07-04-2026,Kuwait
9.37943E+11,Carl Gibson,12-11-1982,gAAAAABn5CE3dddHQw5aG_0er-_jSQr5PgD8CwxBQbZhVZkkaZ2kRYLTcIrFT414W7XAazNOzEXHg-HlCc-wYxuQdqHDnYxuAg==,17-06-2015,14-06-2025,Colombia
2.2607E+11,Jamie Fisher,05-04-1970,gAAAAABn5CE3HbC4vBUS1FlFjiCO5GufjBfMj3t_-VXQ1suoBbIWFT8X9WDn9Cv9uGYJh28tQdVvK2WFDR25IIe0n3vJxa6YQA==,01-11-2021,30-10-2031,Cameroon
8.51382E+11,Lisa Harrison,22-08-1979,gAAAAABn5CE3To026oXKpBtqsXUXwKsj81SCwTVgI8pEIxhZmEuJybtFCaQLQikNkYh4n8EbT6VAiuE-jOWIZz_ZJaQEdCkr3w==,23-09-2023,20-09-2033,Anguilla
5.04944E+11,Ryan Johnson,07-07-1985,gAAAAABn5CE3nSkzGS8gUmf70xBGWrz2x3i0AgX_8pQeaLjoCalE2TOFI3CFaGsA-ltsrb-tr3Bx1amrBkotJWRNHIEBG93p1Q==,20-12-2021,18-12-2031,Qatar
3.39056E+11,Katelyn Walker,08-08-1976,gAAAAABn5CE3MNHPBQQcEuSBbcrFADarQFVqI-Nt9-8Z-WtmQVrm2ckBinaaNDV_DENmHwoSyXDq57GfM_pQ3hSy_HcdUOIK0w==,24-08-2017,22-08-2027,Denmark
1.08802E+11,Dawn Carpenter,26-12-1962,gAAAAABn5CE3y37ABkkN36JlVBG9VQEGdiyQVgLwaD6H-NKtJUYqFIkyqp6JIQBIYE3-v8pb4onrg4HskGfqFSA0QfuPMqMn5w==,21-05-2023,18-05-2033,Canada
9.48441E+11,Alexander Schmidt,10-05-1966,gAAAAABn5CE3pXqVoCIUUTKvrU3PTXwVaTEUH3PAOSOSM3EYWEN6IqCo4v89LsBUKc8fKSvF-mCZhH3j2T-hfdlt7E4zo24vtA==,13-08-2015,10-08-2025,Hungary
8.09768E+11,Alejandra Wood,24-05-1961,gAAAAABn5CE3pEGbpcaZGOonnrf1cny7ceNhBH87BTE_ERR1XrV32E_YYTnKNlU9GBhSUDpcSepsST_C8Ul4RiX2WDCXC3cTDw==,11-12-2020,09-12-2030,Reunion
4.70592E+11,April Davis,03-11-1980,gAAAAABn5CE3MmZksjSy7tO4ZVqzT4rXqIOZ0rLkUzE6lSHPOnBblosA8UILbYE-SJTmd3itt1xO34C_SF9wFPKrS48Ho1UKQw==,28-07-2017,26-07-2027,Heard Island and McDonald Islands
2.54E+11,Stacy Weiss,03-02-1961,gAAAAABn5CE32ubZHII66TE_mq7wm2_upQHZJFKLGDrc79G5bNhgQJl4XAW0Ru-HHD0g9cfXyNpUNiGAwhgleS3EWULcCBDCDA==,17-12-2020,15-12-2030,Dominican Republic
8.39993E+11,Andrew Ford,01-08-2003,gAAAAABn5CE35TKxrMpXZZzvHGlKOlqes3abKa3k73uZUuPv5Wx553CFkfT8S7v2tQflO_wD168lh1XQ3Q_u9pRYP1vQhHKG9Q==,13-02-2019,10-02-2029,Holy See (Vatican City State)
2.64049E+11,Cynthia Parker,01-12-1958,gAAAAABn5CE3LsxIW3mtuVzRWBWC2mZou1WdfxBFx4nIAamFTzL0NM1IKEaF4h2aUowzjiCO7fQIpHj1qFe7ZsfLd2StBHDXVA==,10-03-2019,07-03-2029,Cuba
8.12836E+11,Tamara Flowers,30-12-2005,gAAAAABn5CE3AqOzgzbhuPo_wRYY35R8uG3fic8t2vo_0x8qeMzA7uTawyHKDWwKIu9Vf1kqoLLu3NoRS4-G19mxCR07umkDgA==,16-08-2017,14-08-2027,Bangladesh
5.02711E+11,Emily Butler,30-01-1985,gAAAAABn5CE3IT8qcu06rAB6Y-txH950Ov3MbOWy4e-6Ndn_GWp0HQ1cx4HQbUYs6_NnsTan9AEqzkJHaf2uUEiJTm9uy1VR0g==,08-08-2019,05-08-2029,Guinea
7.94244E+11,Daniel Brooks,29-11-2005,gAAAAABn5CE3iLIyeOXQ9zalTNmhSfnlCFtmKmVwzwRPa45H9Rqw8on2rqGe6x0zmSapBiqUA3My_Kt6nwrIGrZzhnpBN3z7bQ==,26-12-2021,24-12-2031,Uganda
2.65814E+11,Tyler Sims,23-12-1972,gAAAAABn5CE32-9mQJXZkxd_kWe2hueM5ORdkpzniz_qpn9yMVJmaM5JlaMG7H7l9ckiFN-qCbZzamwXLw-ERpQmDJCfJSCNhQ==,27-08-2023,24-08-2033,Netherlands Antilles
6.29167E+11,Michael Davis,09-11-1975,gAAAAABn5CE3JhSaLroBwsa37TH-8MPrYh6BWDv0ktrzwXu_q81mSnfFin7AfqtnH2fuIuJHH_x1vYSSfE6VmadvG5YB_OFTBQ==,26-07-2016,24-07-2026,Mayotte
8.49906E+11,Steven Hill,08-05-1984,gAAAAABn5CE3WrBtGHhUwYWtKxgDDaCfvxPiAQ6nweDABnsujaSTWZvliNElbvWCU2WRTnwWvvaOj9MPQ5QsBCepCesDlrNOBw==,19-07-2023,16-07-2033,Palestinian Territory
5.80533E+11,Glenda Moore,23-03-1952,gAAAAABn5CE3DvtI3Kz3yLf8zRtlrXpToiF_2-s3SgEEF53GMUx235P4meYzRR2c_7rFJHiOBcNWwiUmoi_WNwu4mBt4VxonQA==,10-02-2021,08-02-2031,Belgium
8.78547E+11,Joseph Payne,13-05-1988,gAAAAABn5CE3wlIsz9BUtkFg4WVuc-OnNj5C7wdiOfU__8GYWY4PXGyshkJZGmpo2ykAraiY2WDtrljK4Y_03HQDE16h9e7RWQ==,13-10-2015,10-10-2025,Morocco
5.89901E+11,Gary Warren,08-06-1965,gAAAAABn5CE33naeA0EGYuK5H2tVvpAIg3qIcEctY3qfEzXQ_Kr8NzwNeqSOvkp6Rl6K89Q9fB-x_PNI1vUT_RDe0d9eULpxrQ==,29-11-2017,27-11-2027,Bouvet Island (Bouvetoya)
9.52839E+11,Jill Garner,05-07-1978,gAAAAABn5CE3FGX-9IQiv17z2sIrwlhITbUS85M2TOCS5EE3HedJsTaEoYbi4-zYFQh-bJyGpewZzQOBRhI7YmYKvRla9CxNGQ==,02-11-2022,30-10-2032,Guinea
8.53308E+11,Micheal Johnson,05-08-1979,gAAAAABn5CE3GNGvRm2ejPz-LuLT4qTGEKZvXIw7rQ5ggAs7at6AMrHHY9pEaja1rKHB592RHb1--0lOYLUlnP1l5ceEa2_k7g==,15-01-2023,12-01-2033,Bouvet Island (Bouvetoya)
1.83577E+11,Theresa Acosta,13-12-1970,gAAAAABn5CE3-bRhRy8LsLL9IvuxHkpq1s2fFWSWSG-CoGBhPMe3p7tXU7i1gLb5GHOipc12k7P64N46Fl68Qdi71NXH_3Entw==,27-06-2021,25-06-2031,Qatar
2.5444E+11,Deborah Anderson,08-04-1970,gAAAAABn5CE3FjA4KoA3TtewBklUnDnjqdAHfRrP0N3wlEUJcd_ZUlnbrNrXHIu4hJu0FdN7iUT5N5qwZhoY11rQJYSijNfRIw==,24-07-2016,22-07-2026,Tanzania
4.02833E+11,Aimee Moody,22-05-1968,gAAAAABn5CE3ZlnENT7GyBuG7I2zy5JVsAbm9uEJc9iNm4q1RDfOIPbAmXXXMGYP91nTdqDyiRQyXPgbEzQ1vKzdkXxEF5fDaQ==,19-07-2015,16-07-2025,Ecuador
1.29151E+11,Mary Stone,30-09-1965,gAAAAABn5CE3bvxwxJA6Z6nWIup7lvxaU7Tu3CAHPp1bRVgmZaHwi9V1gc32FiHOyJp8drW5j5Z0ViSPZ_fvr4RX2ahtDATMGg==,31-01-2019,28-01-2029,Chad
3.77083E+11,Brandon Hernandez,25-10-1962,gAAAAABn5CE3QQzJPPEXnRuKfr2LsGjOL0HJFEobzYUU9zWND7NHKg17Gl7bbLqoA7qal67ajbfsN5NBNZfm0KwVJLB-pOD6TQ==,04-02-2016,01-02-2026,Poland
6.60239E+11,Edward Holland,21-08-1946,gAAAAABn5CE3oHzXJjE1p4Y_mtvhtAc16e0nIZHa0o7PNn2mVS-bLupZnUosMkZzeIRP3hekrD4JGt4_sDsbIIY49CgbxXT_mg==,04-09-2019,01-09-2029,Djibouti
9.41876E+11,Jimmy Nolan,16-03-2005,gAAAAABn5CE3Om87vZU_LO4rqTx50awdBs5Sakz_MglPE5hql9tf3F2Vk9wn8cfhWEnRIt0nXs7dPHkEhraLGMKoe-vkoQnEVA==,05-06-2019,02-06-2029,Saint Pierre and Miquelon
9.48829E+11,David Williams,07-12-2003,gAAAAABn5CE3AFXWxgbSZZIYaLbxcJ4ozk6GsOtViTmQL0uHIlJf9Tex7DVBIg67_bi8UgniuTTyk0kb3nZCXRp25f6Iap3P5A==,18-06-2015,15-06-2025,Ireland
6.47421E+11,Jessica Cameron,04-03-1971,gAAAAABn5CE37kPAMHQZ1ZgxC0wMH9TAfr6xHdd5JxpbqMHSQT-nVNixuqEERLROPsPpfak9HIMyoDdMb5jC1-IkXsaE5hNAng==,15-01-2016,12-01-2026,China
4.68594E+11,Kimberly King,10-12-1957,gAAAAABn5CE3ebnCsDVOYWVy72yiq8iQP3JDoa4N9NOLykED6zQkHGR68OCpq1Lo9b3qm6T9i2K1XvMnZ9JFilHYi4TeOfuJ2g==,05-11-2019,02-11-2029,Cape Verde
5.19687E+11,Chase Sanchez,25-07-1977,gAAAAABn5CE3onEeaVSrPQutDhm7PAn38YcHhq0BZwMnvO5OrlYznDIq8JMUOP3hJ6U58aaFKEeNjBscb8DgwJDJr8iBar1vvQ==,15-09-2017,13-09-2027,Honduras
6.3942E+11,Megan Torres,28-10-1990,gAAAAABn5CE3IDqqEDdLlZ63QrewH7jGYJnV56vV6hywkSm5Da38A00m9ntaMbSNI2DyUUNztnpq0W0JiPWUgx-s1nkznauW6w==,18-06-2023,15-06-2033,Dominican Republic
1.03828E+11,Shannon Smith,13-05-2002,gAAAAABn5CE3vYa02eegovcMyBmaUUmrMUzeZhDKNzmokIuJX2W88QIwwzJf9oiurs0vk0tPYwcr2-crvDu50HTRJn01jJtzjQ==,10-06-2022,07-06-2032,Antigua and Barbuda
4.9661E+11,David Davis MD,11-11-1980,gAAAAABn5CE3K3ObzL25qtc7BLVrMvLxAEdR5avduslTFcpGGr05bXnQU0TvcnDTpluc6VxgEycPm8iqUZmNwwVky8LCVZ-f8w==,01-06-2023,29-05-2033,Faroe Islands
9.67403E+11,Connie Olson,02-03-1968,gAAAAABn5CE3zJ7gO3tkTy3-_3Jj6G1oIbvBchgRzOIVl-w7_BjYbryuuoYRhsgkWjz8DmlOr7eqPEAcR8PUbAwqRLqoUhePvg==,29-11-2015,26-11-2025,Burundi
4.92677E+11,Adam Peterson,26-06-1962,gAAAAABn5CE3f94tReowzHedaFYCNt7W8MCnvm4JzhbuUTki-hUHyq_gWeneluyLzZPJMhJ3xNcRJxK4B_pzD0XBpDWvB5Syjw==,06-02-2024,03-02-2034,Kazakhstan
3.83893E+11,Jason Allen,06-02-1968,gAAAAABn5CE3WjLPDBWcCs5re_mLlE3I6s0-OpvGyfXSMtglBz3D9A7HGNvP2iVB0NwhDvbaeUblQt_nbGm1Qu7_cOWAqSpLUA==,19-08-2016,17-08-2026,Zambia
1.32236E+11,Brian Buchanan,22-04-1987,gAAAAABn5CE3UE7p6ffhSFXmsX6QMqFKCuDaH6OpdYdLM71Hl-tyDFUHU9sCGGVizrVNd5vG934s_v7xd8RR-kSwXT9lvhEM5A==,20-12-2021,18-12-2031,Equatorial Guinea
5.10681E+11,Matthew Greene,02-07-1975,gAAAAABn5CE3RcF4Iu8MaXc_l4UynBOksc5vpwEe1buB7ZZGtHTPFsP-FOsxKAb7SwTTREMhVlie4ACcHIPigbKSmoGk9qNh3g==,16-12-2017,14-12-2027,Czech Republic
7.59515E+11,Gregory Ramos,20-09-1971,gAAAAABn5CE3WFJ8E_nEmFLZZOn_6IEHTqJ83L39tOPzXLZVBF0yzcG7-7feZtfwbmcqS9faePGLui4mvphgoyiT0M6_BQzQ5Q==,04-01-2023,01-01-2033,Morocco
7.59725E+11,Timothy Cox,08-04-1993,gAAAAABn5CE3pPIX1czDSz5WO8707nsDKJEGqii1xIH9Wc10ePEVU7FQW97G1BXILW-QblTPEpGQyBcqoHTfTe-GZ881qydkTQ==,22-01-2018,20-01-2028,Portugal
5.90184E+11,Jordan Torres,08-09-1999,gAAAAABn5CE3ZBRRdwnXVfDxwcX5orUMls2c2tKGa42uaL-OTJdU2zDA0FPK77KK7WYKk9LhLbrM_KEopvEmAddWRHR4Gjhwyw==,14-08-2016,12-08-2026,Algeria
7.35132E+11,Jeffrey Wilson,06-09-2003,gAAAAABn5CE3ANjdT1BA0ReZFPAuKW7FjdD7RUfYBBZgQ7NdFlR3-avP2_05g9sNRBm4KrQWOh4Xr4HXK_nU3AhPXhGeiyymKg==,18-11-2020,16-11-2030,Cote d'Ivoire
9.32765E+11,Timothy Ray,08-03-1952,gAAAAABn5CE3qOJGWgwAWM46X85K00p269wXlWsCGhsO43CU1kVSpgr_THbZcgjFKrDsBHX7DQSGqffLPIZnJ5fPJsU9J_-Jvw==,24-06-2019,21-06-2029,Lithuania
2.51209E+11,Jimmy Foster,09-02-2001,gAAAAABn5CE3AaabOcyevgT7aAIG1UOc95QO1SmE-RU48YthsD8myD7JiAZ32ADJ2K_KeZ6uWy97-qa1joY5Jp1lJmYFEnguhQ==,22-05-2016,20-05-2026,Morocco
5.58824E+11,Robyn Kemp,08-06-1984,gAAAAABn5CE3nZ9KaRmEtfQV9UFC-9TUN2dWtC0hBTtRJmqd8HRhWPxgTk4l5KbmX6LVX3K05zQtd2bfbgVM8j4f144L6nJ5CQ==,21-12-2021,19-12-2031,Greece
3.27708E+11,Jennifer Sanchez,23-03-1975,gAAAAABn5CE3KclkX7yKS7GHgNmUZVckzrYr2cYfZ8fDfWHVdy5HPypANECPPEZJ6DablNq45OqVlZr0z23-pWK6deZ3X6g-Bw==,05-05-2019,02-05-2029,New Zealand
2.82091E+11,Hannah Burgess,31-05-1965,gAAAAABn5CE3YCf-mpNg7LTRNzci4YTJq1TZpIl17xVuqH8DS1dMxmsIWbZZ-9jQeybbdevFUN3sgHtTQMmPFeHLEbTA1GDYjg==,13-11-2022,10-11-2032,Estonia
5.64842E+11,Michele Bradley,22-12-1984,gAAAAABn5CE34gi9e_vcqeqiYB6kSBHjRacGTMrKHrGjXQqyLfkIWkvL3MxPCLNQK_juD0KlblxVub8QHO7GvZVIDlTxUYBirA==,28-08-2016,26-08-2026,French Southern Territories
8.91716E+11,Dr. Jocelyn Brown,22-05-2006,gAAAAABn5CE3UH28nO5bIJSPgY9-jDJdE9aU9JqoX471_GW0TVBardwfjPvBL3STIXQ6ggx0JICcCJrpN6h7ZN55mXsrskEDBw==,13-12-2023,10-12-2033,Guatemala
1.06919E+11,Tanya Chan,12-09-1958,gAAAAABn5CE3l428QS1I1cBkYK9Nd6V-z_5h5laKVVCa4zCD5g-Ixy2i4dpkqSLatAuQPzDfFijiZ7LbDXf1kgS0jZI7SzFThQ==,24-07-2022,21-07-2032,Turkmenistan
5.98899E+11,Shane Mueller,20-03-1946,gAAAAABn5CE3UKMAHewmJ_XVqo6Wl93ne6uE9Si45puaSkAauOcOO_cjBtO2n2YQW3tfiDrO00bc4MWgzCCNlw40OICk28jgjw==,11-08-2017,09-08-2027,Ecuador
8.51598E+11,Kyle Evans,17-10-1997,gAAAAABn5CE3MNlRVYFbOQfdS-inWiz-FlcXroTkSwLg_4xUcBvLvCyzDLP8RJ9G1Qu5E6yk9Ikx0723hiTTGd1sMA29dUCcqg==,23-06-2021,21-06-2031,Netherlands Antilles
5.51234E+11,Thomas Hamilton,15-03-1961,gAAAAABn5CE3Z7KMDvFcoowUm7PeOeauvbnPJ1imL-lXNKV7Q0LOOpQHFmkCiBmaqKx-v2avsQI2BgzaZ759hBnMImHA44oNtw==,02-08-2016,31-07-2026,Montenegro
1.17289E+11,Christopher Thompson,18-01-1956,gAAAAABn5CE3FbIkqbxblULZ9WAsqGnJCVw0-7DemZHA9y_NH2iXG-jIRmcv-6m0DWLXczX7qkOgttli6GfkF8xVKIF9gb_Ivw==,14-12-2022,11-12-2032,Honduras
8.7677E+11,Jeffrey Jackson,13-09-1989,gAAAAABn5CE3D7CM-IbLKIZvzp_t7y_rMCy-B0podjdQ_zJW5Qk6-u_QNuYj3fu48sZxJ6Yy_rzazYx0NKjBBOv9ptVq2qGs2Q==,11-10-2021,09-10-2031,Norway
7.9532E+11,Melanie Montes,13-08-1977,gAAAAABn5CE3uHhoTFag1_zpmMKIegn6TRFX-Ujw16uCXqMvFHY-nrQkIxLlkVC6O2jHmO33xx-YJPAQvki3YloyAqIZ3p3Q9A==,01-09-2019,29-08-2029,Central African Republic
4.80578E+11,Sherry Hatfield,16-11-1979,gAAAAABn5CE35tR-Izut5Xxq3J_wjm6n53cThSDv_lr9yLRwPA7JSg4tf-IW4kdiCgSPP_3s8FTItuizqc6ays8dYXQdTXJ_LA==,10-10-2020,08-10-2030,Cuba
1.75461E+11,Linda Wong,10-12-1969,gAAAAABn5CE3lzBjSMYTS3JfId_HdF4vcBs7mb2xhMwrZSWIRHH9xTf0yzguur9pggZ_p96BqUkpkwyRjfdv41dpLzE5BHhcqw==,04-11-2021,02-11-2031,Saint Vincent and the Grenadines
5.84637E+11,Kristin Reyes,08-09-1969,gAAAAABn5CE3y0qkhMUART44cpGC7834qlxwEDD6K-T3E2PNCAbRFD9_atA1S_yY4yjVCV1lgsejn2wa5GB6U_vfDiKYCM3ZIQ==,15-02-2021,13-02-2031,Saint Kitts and Nevis
8.43597E+11,Jack Harmon,20-07-1958,gAAAAABn5CE3_SVyl1qSgjJpG7T4qQ14LldbcSMR4ORs7NV70XfuvQJEq7LIhIcSWwIq_ErVf3TGh5ZA1L-d_lzYB623RpFiqQ==,09-08-2023,06-08-2033,New Caledonia
1.67493E+11,Kim Dalton,11-01-1993,gAAAAABn5CE3obYt0q1ERPJv62yFmYOjJZw9ScI5TIAZGrzcCGYE4kezCMGLIbdSH6Sr3kavT8rdk2izymzUfvAlm71EZFfP-g==,07-01-2016,04-01-2026,Austria
8.78517E+11,Vincent Campbell,29-03-2002,gAAAAABn5CE3xMdcMcnEBvjcr1423U_ZDTivIXKjnVv6ARDbIVuex0Srn4W8zBQ2iH6l6jMXSOmfxRtKguInb9DMaHDupUI7Uw==,20-12-2023,17-12-2033,Venezuela
2.47953E+11,Brenda Lopez,09-03-1975,gAAAAABn5CE3hXtfZfFby2bbGYxrtAi0eM9lRF06lWziTIxzny7HMkDdvmmWmSaU0Ae5iwxaKWIeNOzhnC3qWjEO5yLJlWvJ4w==,08-07-2015,05-07-2025,Uganda
4.73375E+11,Nicholas Cook,16-05-1973,gAAAAABn5CE3x3XFcvTl13BBH1_aFrM10QGUC-Pg0iC01GyeR_26C9Yviitz_NhCdHEjmcvug8cm6b7gkeVZ_5qMg_X5Nn6agQ==,09-11-2023,06-11-2033,Saint Vincent and the Grenadines
2.3904E+11,Stephanie Morgan,19-04-1977,gAAAAABn5CE3Svhv9mmb9y-8xS8_15bPr1Eqrr7pbbHTqWi7xM-MEPM2Q78b5t7XNjPzAu4zl5iwVgQ6FTs9cdON2j-HOIVq3w==,09-09-2021,07-09-2031,Micronesia
4.1609E+11,William Young,06-05-1950,gAAAAABn5CE34wQ6fb-KwuBYf2yrOeg0v7JypZubTLPQElFcje-aT4z-zwu9ivaD6H5j6sF1ke5FXG43r4-HfWTZI_LSvHW5dQ==,17-09-2022,14-09-2032,Slovenia
4.67135E+11,Dennis Robertson,28-06-1947,gAAAAABn5CE3FO4he-ZUKV6sGbhXnHxHbmNxUnSk0t96BfH8GDFdcW6-27IHR1Wu66fm_yjXa_QbRsz5mXjcVXIqmVb375-BbQ==,13-03-2020,11-03-2030,Zimbabwe
4.12201E+11,Jessica Vaughn,15-02-1989,gAAAAABn5CE3GKCT_CPykNHo2ZfCuEK_IRk0hnuxhJnCv4KT4lss1oKIMT9oB89tEtymdlhcgkroO3oTH9j_q_ZK0ZW2eR27-Q==,05-01-2024,02-01-2034,Afghanistan
